"","Year","State","Commodity","Species","Product_Type","Unit","Value","Region","NAs","nonNAs","Gapfill","GF_Method","State_Avg","Region_Avg"
"1",2013,"ALABAMA","FOOD FISH","FOOD FISH","NONE","DOLLARS",109169288,"South",7,6,0,NA,54136770.1666667,12405312.286129
"2",2013,"ALABAMA","FOOD FISH","HYBRID STRIPED BASS","NONE","DOLLARS",54136770.1666667,"South",7,6,1,"State Average",54136770.1666667,12405312.286129
"3",2013,"ALABAMA","FOOD FISH","CARP","NONE","DOLLARS",54136770.1666667,"South",7,6,1,"State Average",54136770.1666667,12405312.286129
"4",2013,"ALABAMA","FOOD FISH","CARP (EXCL GRASS)","NONE","DOLLARS",54136770.1666667,"South",7,6,1,"State Average",54136770.1666667,12405312.286129
"5",2013,"ALABAMA","FOOD FISH","GRASS CARP","NONE","DOLLARS",54136770.1666667,"South",7,6,1,"State Average",54136770.1666667,12405312.286129
"6",2013,"ALABAMA","FOOD FISH","CATFISH","NONE","DOLLARS",107248343,"South",7,6,0,NA,54136770.1666667,12405312.286129
"7",2013,"ALABAMA","FOOD FISH","CATFISH","FINGERLINGS & FRY","DOLLARS",54136770.1666667,"South",7,6,1,"State Average",54136770.1666667,12405312.286129
"8",2013,"ALABAMA","FOOD FISH","CATFISH","FOODSIZE","DOLLARS",106487609,"South",7,6,0,NA,54136770.1666667,12405312.286129
"9",2013,"ALABAMA","FOOD FISH","CATFISH","STOCKERS","DOLLARS",54136770.1666667,"South",7,6,1,"State Average",54136770.1666667,12405312.286129
"10",2013,"ALABAMA","FOOD FISH","FLOUNDER","NONE","DOLLARS",54136770.1666667,"South",7,6,1,"State Average",54136770.1666667,12405312.286129
"11",2013,"ALABAMA","FOOD FISH","TILAPIA","NONE","DOLLARS",1901861,"South",7,6,0,NA,54136770.1666667,12405312.286129
"12",2013,"ALABAMA","FOOD FISH","TROUT","NONE","DOLLARS",6760,"South",7,6,0,NA,54136770.1666667,12405312.286129
"13",2013,"ALABAMA","FOOD FISH","TROUT","FOODSIZE","DOLLARS",6760,"South",7,6,0,NA,54136770.1666667,12405312.286129
"14",2013,"ARIZONA","FOOD FISH","FOOD FISH","NONE","DOLLARS",5892000,"West",3,3,0,NA,3710500,8941774.82371134
"15",2013,"ARIZONA","FOOD FISH","HYBRID STRIPED BASS","NONE","DOLLARS",3710500,"West",3,3,1,"State Average",3710500,8941774.82371134
"16",2013,"ARIZONA","FOOD FISH","TILAPIA","NONE","DOLLARS",4741000,"West",3,3,0,NA,3710500,8941774.82371134
"17",2013,"ARIZONA","FOOD FISH","TROUT","NONE","DOLLARS",3710500,"West",3,3,1,"State Average",3710500,8941774.82371134
"18",2013,"ARIZONA","FOOD FISH","TROUT","FOODSIZE","DOLLARS",498500,"West",3,3,0,NA,3710500,8941774.82371134
"19",2013,"ARIZONA","FOOD FISH","TROUT","STOCKERS","DOLLARS",3710500,"West",3,3,1,"State Average",3710500,8941774.82371134
"20",2013,"ARKANSAS","FOOD FISH","FOOD FISH","NONE","DOLLARS",33314567,"South",6,4,0,NA,21705539,12405312.286129
"21",2013,"ARKANSAS","FOOD FISH","HYBRID STRIPED BASS","NONE","DOLLARS",21705539,"South",6,4,1,"State Average",21705539,12405312.286129
"22",2013,"ARKANSAS","FOOD FISH","CARP","NONE","DOLLARS",21705539,"South",6,4,1,"State Average",21705539,12405312.286129
"23",2013,"ARKANSAS","FOOD FISH","GRASS CARP","NONE","DOLLARS",21705539,"South",6,4,1,"State Average",21705539,12405312.286129
"24",2013,"ARKANSAS","FOOD FISH","CATFISH","NONE","DOLLARS",28581857,"South",6,4,0,NA,21705539,12405312.286129
"25",2013,"ARKANSAS","FOOD FISH","CATFISH","FINGERLINGS & FRY","DOLLARS",21705539,"South",6,4,1,"State Average",21705539,12405312.286129
"26",2013,"ARKANSAS","FOOD FISH","CATFISH","FOODSIZE","DOLLARS",24915532,"South",6,4,0,NA,21705539,12405312.286129
"27",2013,"ARKANSAS","FOOD FISH","CATFISH","STOCKERS","DOLLARS",21705539,"South",6,4,1,"State Average",21705539,12405312.286129
"28",2013,"ARKANSAS","FOOD FISH","YELLOW PERCH","NONE","DOLLARS",21705539,"South",6,4,1,"State Average",21705539,12405312.286129
"29",2013,"ARKANSAS","FOOD FISH","TILAPIA","NONE","DOLLARS",10200,"South",6,4,0,NA,21705539,12405312.286129
"30",2013,"CALIFORNIA","FOOD FISH","FOOD FISH","NONE","DOLLARS",37395153,"West",9,8,0,NA,9755192.5,8941774.82371134
"31",2013,"CALIFORNIA","FOOD FISH","HYBRID STRIPED BASS","NONE","DOLLARS",9755192.5,"West",9,8,1,"State Average",9755192.5,8941774.82371134
"32",2013,"CALIFORNIA","FOOD FISH","CARP","NONE","DOLLARS",1388729,"West",9,8,0,NA,9755192.5,8941774.82371134
"33",2013,"CALIFORNIA","FOOD FISH","CARP (EXCL GRASS)","NONE","DOLLARS",9755192.5,"West",9,8,1,"State Average",9755192.5,8941774.82371134
"34",2013,"CALIFORNIA","FOOD FISH","GRASS CARP","NONE","DOLLARS",9755192.5,"West",9,8,1,"State Average",9755192.5,8941774.82371134
"35",2013,"CALIFORNIA","FOOD FISH","CATFISH","NONE","DOLLARS",10951225,"West",9,8,0,NA,9755192.5,8941774.82371134
"36",2013,"CALIFORNIA","FOOD FISH","CATFISH","BROODSTOCK","DOLLARS",9755192.5,"West",9,8,1,"State Average",9755192.5,8941774.82371134
"37",2013,"CALIFORNIA","FOOD FISH","CATFISH","FINGERLINGS & FRY","DOLLARS",92099,"West",9,8,0,NA,9755192.5,8941774.82371134
"38",2013,"CALIFORNIA","FOOD FISH","CATFISH","FOODSIZE","DOLLARS",10781526,"West",9,8,0,NA,9755192.5,8941774.82371134
"39",2013,"CALIFORNIA","FOOD FISH","CATFISH","STOCKERS","DOLLARS",9755192.5,"West",9,8,1,"State Average",9755192.5,8941774.82371134
"40",2013,"CALIFORNIA","FOOD FISH","OTHER SPECIES","NONE","DOLLARS",9755192.5,"West",9,8,1,"State Average",9755192.5,8941774.82371134
"41",2013,"CALIFORNIA","FOOD FISH","STURGEON","NONE","DOLLARS",9755192.5,"West",9,8,1,"State Average",9755192.5,8941774.82371134
"42",2013,"CALIFORNIA","FOOD FISH","TILAPIA","NONE","DOLLARS",4755460,"West",9,8,0,NA,9755192.5,8941774.82371134
"43",2013,"CALIFORNIA","FOOD FISH","TROUT","NONE","DOLLARS",6998973,"West",9,8,0,NA,9755192.5,8941774.82371134
"44",2013,"CALIFORNIA","FOOD FISH","TROUT","FINGERLINGS & FRY","DOLLARS",9755192.5,"West",9,8,1,"State Average",9755192.5,8941774.82371134
"45",2013,"CALIFORNIA","FOOD FISH","TROUT","FOODSIZE","DOLLARS",5678375,"West",9,8,0,NA,9755192.5,8941774.82371134
"46",2013,"CALIFORNIA","FOOD FISH","TROUT","STOCKERS","DOLLARS",9755192.5,"West",9,8,1,"State Average",9755192.5,8941774.82371134
"47",2013,"COLORADO","FOOD FISH","FOOD FISH","NONE","DOLLARS",3773673,"West",8,5,0,NA,1078983.6,8941774.82371134
"48",2013,"COLORADO","FOOD FISH","HYBRID STRIPED BASS","NONE","DOLLARS",1078983.6,"West",8,5,1,"State Average",1078983.6,8941774.82371134
"49",2013,"COLORADO","FOOD FISH","CARP","NONE","DOLLARS",32757,"West",8,5,0,NA,1078983.6,8941774.82371134
"50",2013,"COLORADO","FOOD FISH","GRASS CARP","NONE","DOLLARS",32757,"West",8,5,0,NA,1078983.6,8941774.82371134
"51",2013,"COLORADO","FOOD FISH","CATFISH","NONE","DOLLARS",1078983.6,"West",8,5,1,"State Average",1078983.6,8941774.82371134
"52",2013,"COLORADO","FOOD FISH","CATFISH","FOODSIZE","DOLLARS",1078983.6,"West",8,5,1,"State Average",1078983.6,8941774.82371134
"53",2013,"COLORADO","FOOD FISH","CATFISH","STOCKERS","DOLLARS",1078983.6,"West",8,5,1,"State Average",1078983.6,8941774.82371134
"54",2013,"COLORADO","FOOD FISH","YELLOW PERCH","NONE","DOLLARS",1078983.6,"West",8,5,1,"State Average",1078983.6,8941774.82371134
"55",2013,"COLORADO","FOOD FISH","TILAPIA","NONE","DOLLARS",1078983.6,"West",8,5,1,"State Average",1078983.6,8941774.82371134
"56",2013,"COLORADO","FOOD FISH","TROUT","NONE","DOLLARS",1078983.6,"West",8,5,1,"State Average",1078983.6,8941774.82371134
"57",2013,"COLORADO","FOOD FISH","TROUT","FINGERLINGS & FRY","DOLLARS",24462,"West",8,5,0,NA,1078983.6,8941774.82371134
"58",2013,"COLORADO","FOOD FISH","TROUT","FOODSIZE","DOLLARS",1531269,"West",8,5,0,NA,1078983.6,8941774.82371134
"59",2013,"COLORADO","FOOD FISH","TROUT","STOCKERS","DOLLARS",1078983.6,"West",8,5,1,"State Average",1078983.6,8941774.82371134
"60",2013,"CONNECTICUT","FOOD FISH","FOOD FISH","NONE","DOLLARS",378270,"Northeast",6,2,0,NA,223635,826127.858353511
"61",2013,"CONNECTICUT","FOOD FISH","CARP","NONE","DOLLARS",223635,"Northeast",6,2,1,"State Average",223635,826127.858353511
"62",2013,"CONNECTICUT","FOOD FISH","GRASS CARP","NONE","DOLLARS",223635,"Northeast",6,2,1,"State Average",223635,826127.858353511
"63",2013,"CONNECTICUT","FOOD FISH","TROUT","NONE","DOLLARS",223635,"Northeast",6,2,1,"State Average",223635,826127.858353511
"64",2013,"CONNECTICUT","FOOD FISH","TROUT","BROODSTOCK","DOLLARS",223635,"Northeast",6,2,1,"State Average",223635,826127.858353511
"65",2013,"CONNECTICUT","FOOD FISH","TROUT","FINGERLINGS & FRY","DOLLARS",223635,"Northeast",6,2,1,"State Average",223635,826127.858353511
"66",2013,"CONNECTICUT","FOOD FISH","TROUT","FOODSIZE","DOLLARS",223635,"Northeast",6,2,1,"State Average",223635,826127.858353511
"67",2013,"CONNECTICUT","FOOD FISH","TROUT","STOCKERS","DOLLARS",69000,"Northeast",6,2,0,NA,223635,826127.858353511
"68",2013,"DELAWARE","FOOD FISH","FOOD FISH","NONE","DOLLARS",12405312.286129,"South",3,0,1,"Region Average",NA,12405312.286129
"69",2013,"DELAWARE","FOOD FISH","HYBRID STRIPED BASS","NONE","DOLLARS",12405312.286129,"South",3,0,1,"Region Average",NA,12405312.286129
"70",2013,"DELAWARE","FOOD FISH","TILAPIA","NONE","DOLLARS",12405312.286129,"South",3,0,1,"Region Average",NA,12405312.286129
"71",2013,"FLORIDA","FOOD FISH","FOOD FISH","NONE","DOLLARS",1185722,"South",9,4,1,"State Average",1185722,12405312.286129
"72",2013,"FLORIDA","FOOD FISH","HYBRID STRIPED BASS","NONE","DOLLARS",1183762,"South",9,4,0,NA,1185722,12405312.286129
"73",2013,"FLORIDA","FOOD FISH","CARP","NONE","DOLLARS",1185722,"South",9,4,1,"State Average",1185722,12405312.286129
"74",2013,"FLORIDA","FOOD FISH","GRASS CARP","NONE","DOLLARS",1185722,"South",9,4,1,"State Average",1185722,12405312.286129
"75",2013,"FLORIDA","FOOD FISH","CATFISH","NONE","DOLLARS",1185722,"South",9,4,1,"State Average",1185722,12405312.286129
"76",2013,"FLORIDA","FOOD FISH","CATFISH","FINGERLINGS & FRY","DOLLARS",1185722,"South",9,4,1,"State Average",1185722,12405312.286129
"77",2013,"FLORIDA","FOOD FISH","CATFISH","FOODSIZE","DOLLARS",467217,"South",9,4,0,NA,1185722,12405312.286129
"78",2013,"FLORIDA","FOOD FISH","CATFISH","STOCKERS","DOLLARS",1185722,"South",9,4,1,"State Average",1185722,12405312.286129
"79",2013,"FLORIDA","FOOD FISH","RED DRUM","NONE","DOLLARS",1185722,"South",9,4,1,"State Average",1185722,12405312.286129
"80",2013,"FLORIDA","FOOD FISH","FLOUNDER","NONE","DOLLARS",1185722,"South",9,4,1,"State Average",1185722,12405312.286129
"81",2013,"FLORIDA","FOOD FISH","OTHER SPECIES","NONE","DOLLARS",1185722,"South",9,4,1,"State Average",1185722,12405312.286129
"82",2013,"FLORIDA","FOOD FISH","STURGEON","NONE","DOLLARS",25603,"South",9,4,0,NA,1185722,12405312.286129
"83",2013,"FLORIDA","FOOD FISH","TILAPIA","NONE","DOLLARS",3066306,"South",9,4,0,NA,1185722,12405312.286129
"84",2013,"GEORGIA","FOOD FISH","FOOD FISH","NONE","DOLLARS",1015874.5,"South",10,4,1,"State Average",1015874.5,12405312.286129
"85",2013,"GEORGIA","FOOD FISH","CARP","NONE","DOLLARS",606257,"South",10,4,0,NA,1015874.5,12405312.286129
"86",2013,"GEORGIA","FOOD FISH","CARP (EXCL GRASS)","NONE","DOLLARS",1015874.5,"South",10,4,1,"State Average",1015874.5,12405312.286129
"87",2013,"GEORGIA","FOOD FISH","GRASS CARP","NONE","DOLLARS",1015874.5,"South",10,4,1,"State Average",1015874.5,12405312.286129
"88",2013,"GEORGIA","FOOD FISH","CATFISH","NONE","DOLLARS",1530541,"South",10,4,0,NA,1015874.5,12405312.286129
"89",2013,"GEORGIA","FOOD FISH","CATFISH","FINGERLINGS & FRY","DOLLARS",1015874.5,"South",10,4,1,"State Average",1015874.5,12405312.286129
"90",2013,"GEORGIA","FOOD FISH","CATFISH","FOODSIZE","DOLLARS",963260,"South",10,4,0,NA,1015874.5,12405312.286129
"91",2013,"GEORGIA","FOOD FISH","CATFISH","STOCKERS","DOLLARS",1015874.5,"South",10,4,1,"State Average",1015874.5,12405312.286129
"92",2013,"GEORGIA","FOOD FISH","STURGEON","NONE","DOLLARS",1015874.5,"South",10,4,1,"State Average",1015874.5,12405312.286129
"93",2013,"GEORGIA","FOOD FISH","TILAPIA","NONE","DOLLARS",1015874.5,"South",10,4,1,"State Average",1015874.5,12405312.286129
"94",2013,"GEORGIA","FOOD FISH","TROUT","NONE","DOLLARS",963440,"South",10,4,0,NA,1015874.5,12405312.286129
"95",2013,"GEORGIA","FOOD FISH","TROUT","FINGERLINGS & FRY","DOLLARS",1015874.5,"South",10,4,1,"State Average",1015874.5,12405312.286129
"96",2013,"GEORGIA","FOOD FISH","TROUT","FOODSIZE","DOLLARS",1015874.5,"South",10,4,1,"State Average",1015874.5,12405312.286129
"97",2013,"GEORGIA","FOOD FISH","TROUT","STOCKERS","DOLLARS",1015874.5,"South",10,4,1,"State Average",1015874.5,12405312.286129
"98",2013,"HAWAII","FOOD FISH","FOOD FISH","NONE","DOLLARS",147797.5,"West",6,2,1,"State Average",147797.5,8941774.82371134
"99",2013,"HAWAII","FOOD FISH","CATFISH","NONE","DOLLARS",23917,"West",6,2,0,NA,147797.5,8941774.82371134
"100",2013,"HAWAII","FOOD FISH","CATFISH","FINGERLINGS & FRY","DOLLARS",147797.5,"West",6,2,1,"State Average",147797.5,8941774.82371134
"101",2013,"HAWAII","FOOD FISH","CATFISH","FOODSIZE","DOLLARS",147797.5,"West",6,2,1,"State Average",147797.5,8941774.82371134
"102",2013,"HAWAII","FOOD FISH","CATFISH","STOCKERS","DOLLARS",147797.5,"West",6,2,1,"State Average",147797.5,8941774.82371134
"103",2013,"HAWAII","FOOD FISH","OTHER SPECIES","NONE","DOLLARS",147797.5,"West",6,2,1,"State Average",147797.5,8941774.82371134
"104",2013,"HAWAII","FOOD FISH","STURGEON","NONE","DOLLARS",147797.5,"West",6,2,1,"State Average",147797.5,8941774.82371134
"105",2013,"HAWAII","FOOD FISH","TILAPIA","NONE","DOLLARS",271678,"West",6,2,0,NA,147797.5,8941774.82371134
"106",2013,"IDAHO","FOOD FISH","FOOD FISH","NONE","DOLLARS",47430774,"West",5,5,0,NA,27779166,8941774.82371134
"107",2013,"IDAHO","FOOD FISH","CATFISH","NONE","DOLLARS",27779166,"West",5,5,1,"State Average",27779166,8941774.82371134
"108",2013,"IDAHO","FOOD FISH","CATFISH","FOODSIZE","DOLLARS",27779166,"West",5,5,1,"State Average",27779166,8941774.82371134
"109",2013,"IDAHO","FOOD FISH","STURGEON","NONE","DOLLARS",27779166,"West",5,5,1,"State Average",27779166,8941774.82371134
"110",2013,"IDAHO","FOOD FISH","TILAPIA","NONE","DOLLARS",1467067,"West",5,5,0,NA,27779166,8941774.82371134
"111",2013,"IDAHO","FOOD FISH","TROUT","NONE","DOLLARS",45175739,"West",5,5,0,NA,27779166,8941774.82371134
"112",2013,"IDAHO","FOOD FISH","TROUT","EGGS","DOLLARS",27779166,"West",5,5,1,"State Average",27779166,8941774.82371134
"113",2013,"IDAHO","FOOD FISH","TROUT","FINGERLINGS & FRY","DOLLARS",27779166,"West",5,5,1,"State Average",27779166,8941774.82371134
"114",2013,"IDAHO","FOOD FISH","TROUT","FOODSIZE","DOLLARS",44494747,"West",5,5,0,NA,27779166,8941774.82371134
"115",2013,"IDAHO","FOOD FISH","TROUT","STOCKERS","DOLLARS",327503,"West",5,5,0,NA,27779166,8941774.82371134
"116",2013,"ILLINOIS","FOOD FISH","FOOD FISH","NONE","DOLLARS",976817,"North Central",9,4,0,NA,479697.25,637696.993801653
"117",2013,"ILLINOIS","FOOD FISH","HYBRID STRIPED BASS","NONE","DOLLARS",570666,"North Central",9,4,0,NA,479697.25,637696.993801653
"118",2013,"ILLINOIS","FOOD FISH","CARP","NONE","DOLLARS",479697.25,"North Central",9,4,1,"State Average",479697.25,637696.993801653
"119",2013,"ILLINOIS","FOOD FISH","GRASS CARP","NONE","DOLLARS",479697.25,"North Central",9,4,1,"State Average",479697.25,637696.993801653
"120",2013,"ILLINOIS","FOOD FISH","CATFISH","NONE","DOLLARS",261544,"North Central",9,4,0,NA,479697.25,637696.993801653
"121",2013,"ILLINOIS","FOOD FISH","CATFISH","FINGERLINGS & FRY","DOLLARS",479697.25,"North Central",9,4,1,"State Average",479697.25,637696.993801653
"122",2013,"ILLINOIS","FOOD FISH","CATFISH","FOODSIZE","DOLLARS",109762,"North Central",9,4,0,NA,479697.25,637696.993801653
"123",2013,"ILLINOIS","FOOD FISH","CATFISH","STOCKERS","DOLLARS",479697.25,"North Central",9,4,1,"State Average",479697.25,637696.993801653
"124",2013,"ILLINOIS","FOOD FISH","TILAPIA","NONE","DOLLARS",479697.25,"North Central",9,4,1,"State Average",479697.25,637696.993801653
"125",2013,"ILLINOIS","FOOD FISH","TROUT","NONE","DOLLARS",479697.25,"North Central",9,4,1,"State Average",479697.25,637696.993801653
"126",2013,"ILLINOIS","FOOD FISH","TROUT","FINGERLINGS & FRY","DOLLARS",479697.25,"North Central",9,4,1,"State Average",479697.25,637696.993801653
"127",2013,"ILLINOIS","FOOD FISH","TROUT","FOODSIZE","DOLLARS",479697.25,"North Central",9,4,1,"State Average",479697.25,637696.993801653
"128",2013,"ILLINOIS","FOOD FISH","TROUT","STOCKERS","DOLLARS",479697.25,"North Central",9,4,1,"State Average",479697.25,637696.993801653
"129",2013,"INDIANA","FOOD FISH","FOOD FISH","NONE","DOLLARS",637696.993801653,"North Central",8,0,1,"Region Average",NA,637696.993801653
"130",2013,"INDIANA","FOOD FISH","CARP","NONE","DOLLARS",637696.993801653,"North Central",8,0,1,"Region Average",NA,637696.993801653
"131",2013,"INDIANA","FOOD FISH","GRASS CARP","NONE","DOLLARS",637696.993801653,"North Central",8,0,1,"Region Average",NA,637696.993801653
"132",2013,"INDIANA","FOOD FISH","CATFISH","NONE","DOLLARS",637696.993801653,"North Central",8,0,1,"Region Average",NA,637696.993801653
"133",2013,"INDIANA","FOOD FISH","CATFISH","FINGERLINGS & FRY","DOLLARS",637696.993801653,"North Central",8,0,1,"Region Average",NA,637696.993801653
"134",2013,"INDIANA","FOOD FISH","CATFISH","STOCKERS","DOLLARS",637696.993801653,"North Central",8,0,1,"Region Average",NA,637696.993801653
"135",2013,"INDIANA","FOOD FISH","YELLOW PERCH","NONE","DOLLARS",637696.993801653,"North Central",8,0,1,"Region Average",NA,637696.993801653
"136",2013,"INDIANA","FOOD FISH","TILAPIA","NONE","DOLLARS",637696.993801653,"North Central",8,0,1,"Region Average",NA,637696.993801653
"137",2013,"IOWA","FOOD FISH","FOOD FISH","NONE","DOLLARS",171258,"North Central",10,4,0,NA,98412.25,637696.993801653
"138",2013,"IOWA","FOOD FISH","HYBRID STRIPED BASS","NONE","DOLLARS",98412.25,"North Central",10,4,1,"State Average",98412.25,637696.993801653
"139",2013,"IOWA","FOOD FISH","CARP","NONE","DOLLARS",73118,"North Central",10,4,0,NA,98412.25,637696.993801653
"140",2013,"IOWA","FOOD FISH","GRASS CARP","NONE","DOLLARS",73118,"North Central",10,4,0,NA,98412.25,637696.993801653
"141",2013,"IOWA","FOOD FISH","CATFISH","NONE","DOLLARS",76155,"North Central",10,4,0,NA,98412.25,637696.993801653
"142",2013,"IOWA","FOOD FISH","CATFISH","BROODSTOCK","DOLLARS",98412.25,"North Central",10,4,1,"State Average",98412.25,637696.993801653
"143",2013,"IOWA","FOOD FISH","CATFISH","FINGERLINGS & FRY","DOLLARS",98412.25,"North Central",10,4,1,"State Average",98412.25,637696.993801653
"144",2013,"IOWA","FOOD FISH","CATFISH","FOODSIZE","DOLLARS",98412.25,"North Central",10,4,1,"State Average",98412.25,637696.993801653
"145",2013,"IOWA","FOOD FISH","CATFISH","STOCKERS","DOLLARS",98412.25,"North Central",10,4,1,"State Average",98412.25,637696.993801653
"146",2013,"IOWA","FOOD FISH","YELLOW PERCH","NONE","DOLLARS",98412.25,"North Central",10,4,1,"State Average",98412.25,637696.993801653
"147",2013,"IOWA","FOOD FISH","TILAPIA","NONE","DOLLARS",98412.25,"North Central",10,4,1,"State Average",98412.25,637696.993801653
"148",2013,"IOWA","FOOD FISH","TROUT","NONE","DOLLARS",98412.25,"North Central",10,4,1,"State Average",98412.25,637696.993801653
"149",2013,"IOWA","FOOD FISH","TROUT","FOODSIZE","DOLLARS",98412.25,"North Central",10,4,1,"State Average",98412.25,637696.993801653
"150",2013,"IOWA","FOOD FISH","TROUT","STOCKERS","DOLLARS",98412.25,"North Central",10,4,1,"State Average",98412.25,637696.993801653
"151",2013,"KANSAS","FOOD FISH","FOOD FISH","NONE","DOLLARS",39000,"North Central",8,1,1,"State Average",39000,637696.993801653
"152",2013,"KANSAS","FOOD FISH","HYBRID STRIPED BASS","NONE","DOLLARS",39000,"North Central",8,1,1,"State Average",39000,637696.993801653
"153",2013,"KANSAS","FOOD FISH","CARP","NONE","DOLLARS",39000,"North Central",8,1,1,"State Average",39000,637696.993801653
"154",2013,"KANSAS","FOOD FISH","GRASS CARP","NONE","DOLLARS",39000,"North Central",8,1,1,"State Average",39000,637696.993801653
"155",2013,"KANSAS","FOOD FISH","CATFISH","NONE","DOLLARS",39000,"North Central",8,1,1,"State Average",39000,637696.993801653
"156",2013,"KANSAS","FOOD FISH","CATFISH","FINGERLINGS & FRY","DOLLARS",39000,"North Central",8,1,1,"State Average",39000,637696.993801653
"157",2013,"KANSAS","FOOD FISH","CATFISH","FOODSIZE","DOLLARS",39000,"North Central",8,1,1,"State Average",39000,637696.993801653
"158",2013,"KANSAS","FOOD FISH","CATFISH","STOCKERS","DOLLARS",39000,"North Central",8,1,0,NA,39000,637696.993801653
"159",2013,"KANSAS","FOOD FISH","TILAPIA","NONE","DOLLARS",39000,"North Central",8,1,1,"State Average",39000,637696.993801653
"160",2013,"KENTUCKY","FOOD FISH","FOOD FISH","NONE","DOLLARS",966573,"South",8,3,0,NA,597653.666666667,12405312.286129
"161",2013,"KENTUCKY","FOOD FISH","HYBRID STRIPED BASS","NONE","DOLLARS",597653.666666667,"South",8,3,1,"State Average",597653.666666667,12405312.286129
"162",2013,"KENTUCKY","FOOD FISH","CARP","NONE","DOLLARS",597653.666666667,"South",8,3,1,"State Average",597653.666666667,12405312.286129
"163",2013,"KENTUCKY","FOOD FISH","GRASS CARP","NONE","DOLLARS",597653.666666667,"South",8,3,1,"State Average",597653.666666667,12405312.286129
"164",2013,"KENTUCKY","FOOD FISH","CATFISH","NONE","DOLLARS",813690,"South",8,3,0,NA,597653.666666667,12405312.286129
"165",2013,"KENTUCKY","FOOD FISH","CATFISH","FINGERLINGS & FRY","DOLLARS",597653.666666667,"South",8,3,1,"State Average",597653.666666667,12405312.286129
"166",2013,"KENTUCKY","FOOD FISH","CATFISH","FOODSIZE","DOLLARS",597653.666666667,"South",8,3,1,"State Average",597653.666666667,12405312.286129
"167",2013,"KENTUCKY","FOOD FISH","OTHER SPECIES","NONE","DOLLARS",597653.666666667,"South",8,3,1,"State Average",597653.666666667,12405312.286129
"168",2013,"KENTUCKY","FOOD FISH","TILAPIA","NONE","DOLLARS",12698,"South",8,3,0,NA,597653.666666667,12405312.286129
"169",2013,"KENTUCKY","FOOD FISH","TROUT","NONE","DOLLARS",597653.666666667,"South",8,3,1,"State Average",597653.666666667,12405312.286129
"170",2013,"KENTUCKY","FOOD FISH","TROUT","FOODSIZE","DOLLARS",597653.666666667,"South",8,3,1,"State Average",597653.666666667,12405312.286129
"171",2013,"LOUISIANA","FOOD FISH","FOOD FISH","NONE","DOLLARS",12405312.286129,"South",4,0,1,"Region Average",NA,12405312.286129
"172",2013,"LOUISIANA","FOOD FISH","CATFISH","NONE","DOLLARS",12405312.286129,"South",4,0,1,"Region Average",NA,12405312.286129
"173",2013,"LOUISIANA","FOOD FISH","CATFISH","FINGERLINGS & FRY","DOLLARS",12405312.286129,"South",4,0,1,"Region Average",NA,12405312.286129
"174",2013,"LOUISIANA","FOOD FISH","CATFISH","FOODSIZE","DOLLARS",12405312.286129,"South",4,0,1,"Region Average",NA,12405312.286129
"175",2013,"MAINE","FOOD FISH","FOOD FISH","NONE","DOLLARS",73030,"Northeast",5,2,1,"State Average",73030,826127.858353511
"176",2013,"MAINE","FOOD FISH","ATLANTIC SALMON","NONE","DOLLARS",73030,"Northeast",5,2,1,"State Average",73030,826127.858353511
"177",2013,"MAINE","FOOD FISH","TROUT","NONE","DOLLARS",139480,"Northeast",5,2,0,NA,73030,826127.858353511
"178",2013,"MAINE","FOOD FISH","TROUT","EGGS","DOLLARS",6580,"Northeast",5,2,0,NA,73030,826127.858353511
"179",2013,"MAINE","FOOD FISH","TROUT","FINGERLINGS & FRY","DOLLARS",73030,"Northeast",5,2,1,"State Average",73030,826127.858353511
"180",2013,"MAINE","FOOD FISH","TROUT","FOODSIZE","DOLLARS",73030,"Northeast",5,2,1,"State Average",73030,826127.858353511
"181",2013,"MAINE","FOOD FISH","TROUT","STOCKERS","DOLLARS",73030,"Northeast",5,2,1,"State Average",73030,826127.858353511
"182",2013,"MARYLAND","FOOD FISH","FOOD FISH","NONE","DOLLARS",12405312.286129,"South",4,0,1,"Region Average",NA,12405312.286129
"183",2013,"MARYLAND","FOOD FISH","CATFISH","NONE","DOLLARS",12405312.286129,"South",4,0,1,"Region Average",NA,12405312.286129
"184",2013,"MARYLAND","FOOD FISH","CATFISH","FOODSIZE","DOLLARS",12405312.286129,"South",4,0,1,"Region Average",NA,12405312.286129
"185",2013,"MARYLAND","FOOD FISH","TILAPIA","NONE","DOLLARS",12405312.286129,"South",4,0,1,"Region Average",NA,12405312.286129
"186",2013,"MASSACHUSETTS","FOOD FISH","FOOD FISH","NONE","DOLLARS",89512.5,"Northeast",5,2,1,"State Average",89512.5,826127.858353511
"187",2013,"MASSACHUSETTS","FOOD FISH","OTHER SPECIES","NONE","DOLLARS",89512.5,"Northeast",5,2,1,"State Average",89512.5,826127.858353511
"188",2013,"MASSACHUSETTS","FOOD FISH","TILAPIA","NONE","DOLLARS",89512.5,"Northeast",5,2,1,"State Average",89512.5,826127.858353511
"189",2013,"MASSACHUSETTS","FOOD FISH","TROUT","NONE","DOLLARS",115425,"Northeast",5,2,0,NA,89512.5,826127.858353511
"190",2013,"MASSACHUSETTS","FOOD FISH","TROUT","BROODSTOCK","DOLLARS",89512.5,"Northeast",5,2,1,"State Average",89512.5,826127.858353511
"191",2013,"MASSACHUSETTS","FOOD FISH","TROUT","FOODSIZE","DOLLARS",89512.5,"Northeast",5,2,1,"State Average",89512.5,826127.858353511
"192",2013,"MASSACHUSETTS","FOOD FISH","TROUT","STOCKERS","DOLLARS",63600,"Northeast",5,2,0,NA,89512.5,826127.858353511
"193",2013,"MICHIGAN","FOOD FISH","FOOD FISH","NONE","DOLLARS",1177878,"North Central",10,3,0,NA,619601,637696.993801653
"194",2013,"MICHIGAN","FOOD FISH","CARP","NONE","DOLLARS",619601,"North Central",10,3,1,"State Average",619601,637696.993801653
"195",2013,"MICHIGAN","FOOD FISH","CARP (EXCL GRASS)","NONE","DOLLARS",619601,"North Central",10,3,1,"State Average",619601,637696.993801653
"196",2013,"MICHIGAN","FOOD FISH","CATFISH","NONE","DOLLARS",619601,"North Central",10,3,1,"State Average",619601,637696.993801653
"197",2013,"MICHIGAN","FOOD FISH","CATFISH","FINGERLINGS & FRY","DOLLARS",619601,"North Central",10,3,1,"State Average",619601,637696.993801653
"198",2013,"MICHIGAN","FOOD FISH","CATFISH","FOODSIZE","DOLLARS",619601,"North Central",10,3,1,"State Average",619601,637696.993801653
"199",2013,"MICHIGAN","FOOD FISH","YELLOW PERCH","NONE","DOLLARS",619601,"North Central",10,3,1,"State Average",619601,637696.993801653
"200",2013,"MICHIGAN","FOOD FISH","TILAPIA","NONE","DOLLARS",619601,"North Central",10,3,1,"State Average",619601,637696.993801653
"201",2013,"MICHIGAN","FOOD FISH","TROUT","NONE","DOLLARS",619601,"North Central",10,3,1,"State Average",619601,637696.993801653
"202",2013,"MICHIGAN","FOOD FISH","TROUT","EGGS","DOLLARS",619601,"North Central",10,3,1,"State Average",619601,637696.993801653
"203",2013,"MICHIGAN","FOOD FISH","TROUT","FINGERLINGS & FRY","DOLLARS",619601,"North Central",10,3,1,"State Average",619601,637696.993801653
"204",2013,"MICHIGAN","FOOD FISH","TROUT","FOODSIZE","DOLLARS",578951,"North Central",10,3,0,NA,619601,637696.993801653
"205",2013,"MICHIGAN","FOOD FISH","TROUT","STOCKERS","DOLLARS",101974,"North Central",10,3,0,NA,619601,637696.993801653
"206",2013,"MINNESOTA","FOOD FISH","FOOD FISH","NONE","DOLLARS",1716227,"North Central",4,3,0,NA,609325,637696.993801653
"207",2013,"MINNESOTA","FOOD FISH","YELLOW PERCH","NONE","DOLLARS",609325,"North Central",4,3,1,"State Average",609325,637696.993801653
"208",2013,"MINNESOTA","FOOD FISH","TILAPIA","NONE","DOLLARS",609325,"North Central",4,3,1,"State Average",609325,637696.993801653
"209",2013,"MINNESOTA","FOOD FISH","TROUT","NONE","DOLLARS",58414,"North Central",4,3,0,NA,609325,637696.993801653
"210",2013,"MINNESOTA","FOOD FISH","TROUT","FINGERLINGS & FRY","DOLLARS",609325,"North Central",4,3,1,"State Average",609325,637696.993801653
"211",2013,"MINNESOTA","FOOD FISH","TROUT","FOODSIZE","DOLLARS",53334,"North Central",4,3,0,NA,609325,637696.993801653
"212",2013,"MINNESOTA","FOOD FISH","TROUT","STOCKERS","DOLLARS",609325,"North Central",4,3,1,"State Average",609325,637696.993801653
"213",2013,"MISSISSIPPI","FOOD FISH","FOOD FISH","NONE","DOLLARS",202808234,"South",6,5,0,NA,42258491.6,12405312.286129
"214",2013,"MISSISSIPPI","FOOD FISH","HYBRID STRIPED BASS","NONE","DOLLARS",42258491.6,"South",6,5,1,"State Average",42258491.6,12405312.286129
"215",2013,"MISSISSIPPI","FOOD FISH","CARP","NONE","DOLLARS",81602,"South",6,5,0,NA,42258491.6,12405312.286129
"216",2013,"MISSISSIPPI","FOOD FISH","GRASS CARP","NONE","DOLLARS",81602,"South",6,5,0,NA,42258491.6,12405312.286129
"217",2013,"MISSISSIPPI","FOOD FISH","CATFISH","NONE","DOLLARS",42258491.6,"South",6,5,1,"State Average",42258491.6,12405312.286129
"218",2013,"MISSISSIPPI","FOOD FISH","CATFISH","BROODSTOCK","DOLLARS",42258491.6,"South",6,5,1,"State Average",42258491.6,12405312.286129
"219",2013,"MISSISSIPPI","FOOD FISH","CATFISH","FINGERLINGS & FRY","DOLLARS",8253320,"South",6,5,0,NA,42258491.6,12405312.286129
"220",2013,"MISSISSIPPI","FOOD FISH","CATFISH","FOODSIZE","DOLLARS",42258491.6,"South",6,5,1,"State Average",42258491.6,12405312.286129
"221",2013,"MISSISSIPPI","FOOD FISH","CATFISH","STOCKERS","DOLLARS",42258491.6,"South",6,5,1,"State Average",42258491.6,12405312.286129
"222",2013,"MISSISSIPPI","FOOD FISH","OTHER SPECIES","NONE","DOLLARS",67700,"South",6,5,0,NA,42258491.6,12405312.286129
"223",2013,"MISSISSIPPI","FOOD FISH","TILAPIA","NONE","DOLLARS",42258491.6,"South",6,5,1,"State Average",42258491.6,12405312.286129
"224",2013,"MISSOURI","FOOD FISH","FOOD FISH","NONE","DOLLARS",3752928,"North Central",11,6,0,NA,1441403.5,637696.993801653
"225",2013,"MISSOURI","FOOD FISH","CARP","NONE","DOLLARS",300100,"North Central",11,6,0,NA,1441403.5,637696.993801653
"226",2013,"MISSOURI","FOOD FISH","CARP (EXCL GRASS)","NONE","DOLLARS",1441403.5,"North Central",11,6,1,"State Average",1441403.5,637696.993801653
"227",2013,"MISSOURI","FOOD FISH","GRASS CARP","NONE","DOLLARS",1441403.5,"North Central",11,6,1,"State Average",1441403.5,637696.993801653
"228",2013,"MISSOURI","FOOD FISH","CATFISH","NONE","DOLLARS",1256031,"North Central",11,6,0,NA,1441403.5,637696.993801653
"229",2013,"MISSOURI","FOOD FISH","CATFISH","BROODSTOCK","DOLLARS",1441403.5,"North Central",11,6,1,"State Average",1441403.5,637696.993801653
"230",2013,"MISSOURI","FOOD FISH","CATFISH","FINGERLINGS & FRY","DOLLARS",1441403.5,"North Central",11,6,1,"State Average",1441403.5,637696.993801653
"231",2013,"MISSOURI","FOOD FISH","CATFISH","FOODSIZE","DOLLARS",875611,"North Central",11,6,0,NA,1441403.5,637696.993801653
"232",2013,"MISSOURI","FOOD FISH","CATFISH","STOCKERS","DOLLARS",281214,"North Central",11,6,0,NA,1441403.5,637696.993801653
"233",2013,"MISSOURI","FOOD FISH","YELLOW PERCH","NONE","DOLLARS",1441403.5,"North Central",11,6,1,"State Average",1441403.5,637696.993801653
"234",2013,"MISSOURI","FOOD FISH","TILAPIA","NONE","DOLLARS",1441403.5,"North Central",11,6,1,"State Average",1441403.5,637696.993801653
"235",2013,"MISSOURI","FOOD FISH","TROUT","NONE","DOLLARS",2182537,"North Central",11,6,0,NA,1441403.5,637696.993801653
"236",2013,"MISSOURI","FOOD FISH","TROUT","BROODSTOCK","DOLLARS",1441403.5,"North Central",11,6,1,"State Average",1441403.5,637696.993801653
"237",2013,"MISSOURI","FOOD FISH","TROUT","EGGS","DOLLARS",1441403.5,"North Central",11,6,1,"State Average",1441403.5,637696.993801653
"238",2013,"MISSOURI","FOOD FISH","TROUT","FINGERLINGS & FRY","DOLLARS",1441403.5,"North Central",11,6,1,"State Average",1441403.5,637696.993801653
"239",2013,"MISSOURI","FOOD FISH","TROUT","FOODSIZE","DOLLARS",1441403.5,"North Central",11,6,1,"State Average",1441403.5,637696.993801653
"240",2013,"MISSOURI","FOOD FISH","TROUT","STOCKERS","DOLLARS",1441403.5,"North Central",11,6,1,"State Average",1441403.5,637696.993801653
"241",2013,"MONTANA","FOOD FISH","FOOD FISH","NONE","DOLLARS",240269,"West",5,1,0,NA,240269,8941774.82371134
"242",2013,"MONTANA","FOOD FISH","PACIFIC SALMON","NONE","DOLLARS",240269,"West",5,1,1,"State Average",240269,8941774.82371134
"243",2013,"MONTANA","FOOD FISH","TROUT","NONE","DOLLARS",240269,"West",5,1,1,"State Average",240269,8941774.82371134
"244",2013,"MONTANA","FOOD FISH","TROUT","FINGERLINGS & FRY","DOLLARS",240269,"West",5,1,1,"State Average",240269,8941774.82371134
"245",2013,"MONTANA","FOOD FISH","TROUT","FOODSIZE","DOLLARS",240269,"West",5,1,1,"State Average",240269,8941774.82371134
"246",2013,"MONTANA","FOOD FISH","TROUT","STOCKERS","DOLLARS",240269,"West",5,1,1,"State Average",240269,8941774.82371134
"247",2013,"NEBRASKA","FOOD FISH","FOOD FISH","NONE","DOLLARS",2281860,"North Central",7,4,0,NA,1142111,637696.993801653
"248",2013,"NEBRASKA","FOOD FISH","CARP","NONE","DOLLARS",1142111,"North Central",7,4,1,"State Average",1142111,637696.993801653
"249",2013,"NEBRASKA","FOOD FISH","GRASS CARP","NONE","DOLLARS",1142111,"North Central",7,4,1,"State Average",1142111,637696.993801653
"250",2013,"NEBRASKA","FOOD FISH","CATFISH","NONE","DOLLARS",44417,"North Central",7,4,0,NA,1142111,637696.993801653
"251",2013,"NEBRASKA","FOOD FISH","CATFISH","FINGERLINGS & FRY","DOLLARS",1142111,"North Central",7,4,1,"State Average",1142111,637696.993801653
"252",2013,"NEBRASKA","FOOD FISH","CATFISH","FOODSIZE","DOLLARS",23637,"North Central",7,4,0,NA,1142111,637696.993801653
"253",2013,"NEBRASKA","FOOD FISH","CATFISH","STOCKERS","DOLLARS",1142111,"North Central",7,4,1,"State Average",1142111,637696.993801653
"254",2013,"NEBRASKA","FOOD FISH","YELLOW PERCH","NONE","DOLLARS",1142111,"North Central",7,4,1,"State Average",1142111,637696.993801653
"255",2013,"NEBRASKA","FOOD FISH","TROUT","NONE","DOLLARS",2218530,"North Central",7,4,0,NA,1142111,637696.993801653
"256",2013,"NEBRASKA","FOOD FISH","TROUT","FOODSIZE","DOLLARS",1142111,"North Central",7,4,1,"State Average",1142111,637696.993801653
"257",2013,"NEBRASKA","FOOD FISH","TROUT","STOCKERS","DOLLARS",1142111,"North Central",7,4,1,"State Average",1142111,637696.993801653
"258",2013,"NEW HAMPSHIRE","FOOD FISH","FOOD FISH","NONE","DOLLARS",826127.858353511,"Northeast",5,0,1,"Region Average",NA,826127.858353511
"259",2013,"NEW HAMPSHIRE","FOOD FISH","TROUT","NONE","DOLLARS",826127.858353511,"Northeast",5,0,1,"Region Average",NA,826127.858353511
"260",2013,"NEW HAMPSHIRE","FOOD FISH","TROUT","FINGERLINGS & FRY","DOLLARS",826127.858353511,"Northeast",5,0,1,"Region Average",NA,826127.858353511
"261",2013,"NEW HAMPSHIRE","FOOD FISH","TROUT","FOODSIZE","DOLLARS",826127.858353511,"Northeast",5,0,1,"Region Average",NA,826127.858353511
"262",2013,"NEW HAMPSHIRE","FOOD FISH","TROUT","STOCKERS","DOLLARS",826127.858353511,"Northeast",5,0,1,"Region Average",NA,826127.858353511
"263",2013,"NEW JERSEY","FOOD FISH","FOOD FISH","NONE","DOLLARS",826127.858353511,"Northeast",7,0,1,"Region Average",NA,826127.858353511
"264",2013,"NEW JERSEY","FOOD FISH","CATFISH","NONE","DOLLARS",826127.858353511,"Northeast",7,0,1,"Region Average",NA,826127.858353511
"265",2013,"NEW JERSEY","FOOD FISH","CATFISH","FINGERLINGS & FRY","DOLLARS",826127.858353511,"Northeast",7,0,1,"Region Average",NA,826127.858353511
"266",2013,"NEW JERSEY","FOOD FISH","CATFISH","FOODSIZE","DOLLARS",826127.858353511,"Northeast",7,0,1,"Region Average",NA,826127.858353511
"267",2013,"NEW JERSEY","FOOD FISH","TROUT","NONE","DOLLARS",826127.858353511,"Northeast",7,0,1,"Region Average",NA,826127.858353511
"268",2013,"NEW JERSEY","FOOD FISH","TROUT","FOODSIZE","DOLLARS",826127.858353511,"Northeast",7,0,1,"Region Average",NA,826127.858353511
"269",2013,"NEW JERSEY","FOOD FISH","TROUT","STOCKERS","DOLLARS",826127.858353511,"Northeast",7,0,1,"Region Average",NA,826127.858353511
"270",2013,"NEW MEXICO","FOOD FISH","FOOD FISH","NONE","DOLLARS",8941774.82371134,"West",2,0,1,"Region Average",NA,8941774.82371134
"271",2013,"NEW MEXICO","FOOD FISH","TILAPIA","NONE","DOLLARS",8941774.82371134,"West",2,0,1,"Region Average",NA,8941774.82371134
"272",2013,"NEW YORK","FOOD FISH","FOOD FISH","NONE","DOLLARS",1586339,"Northeast",9,6,0,NA,515295.666666667,826127.858353511
"273",2013,"NEW YORK","FOOD FISH","HYBRID STRIPED BASS","NONE","DOLLARS",515295.666666667,"Northeast",9,6,1,"State Average",515295.666666667,826127.858353511
"274",2013,"NEW YORK","FOOD FISH","CARP","NONE","DOLLARS",515295.666666667,"Northeast",9,6,1,"State Average",515295.666666667,826127.858353511
"275",2013,"NEW YORK","FOOD FISH","GRASS CARP","NONE","DOLLARS",515295.666666667,"Northeast",9,6,1,"State Average",515295.666666667,826127.858353511
"276",2013,"NEW YORK","FOOD FISH","CATFISH","NONE","DOLLARS",515295.666666667,"Northeast",9,6,1,"State Average",515295.666666667,826127.858353511
"277",2013,"NEW YORK","FOOD FISH","CATFISH","FINGERLINGS & FRY","DOLLARS",515295.666666667,"Northeast",9,6,1,"State Average",515295.666666667,826127.858353511
"278",2013,"NEW YORK","FOOD FISH","OTHER SPECIES","NONE","DOLLARS",515295.666666667,"Northeast",9,6,1,"State Average",515295.666666667,826127.858353511
"279",2013,"NEW YORK","FOOD FISH","YELLOW PERCH","NONE","DOLLARS",515295.666666667,"Northeast",9,6,1,"State Average",515295.666666667,826127.858353511
"280",2013,"NEW YORK","FOOD FISH","TILAPIA","NONE","DOLLARS",17656,"Northeast",9,6,0,NA,515295.666666667,826127.858353511
"281",2013,"NEW YORK","FOOD FISH","TROUT","NONE","DOLLARS",759398,"Northeast",9,6,0,NA,515295.666666667,826127.858353511
"282",2013,"NEW YORK","FOOD FISH","TROUT","BROODSTOCK","DOLLARS",515295.666666667,"Northeast",9,6,1,"State Average",515295.666666667,826127.858353511
"283",2013,"NEW YORK","FOOD FISH","TROUT","EGGS","DOLLARS",515295.666666667,"Northeast",9,6,1,"State Average",515295.666666667,826127.858353511
"284",2013,"NEW YORK","FOOD FISH","TROUT","FINGERLINGS & FRY","DOLLARS",50677,"Northeast",9,6,0,NA,515295.666666667,826127.858353511
"285",2013,"NEW YORK","FOOD FISH","TROUT","FOODSIZE","DOLLARS",375291,"Northeast",9,6,0,NA,515295.666666667,826127.858353511
"286",2013,"NEW YORK","FOOD FISH","TROUT","STOCKERS","DOLLARS",302413,"Northeast",9,6,0,NA,515295.666666667,826127.858353511
"287",2013,"NORTH CAROLINA","FOOD FISH","FOOD FISH","NONE","DOLLARS",23443043,"South",6,6,0,NA,8858884.66666667,12405312.286129
"288",2013,"NORTH CAROLINA","FOOD FISH","HYBRID STRIPED BASS","NONE","DOLLARS",9036586,"South",6,6,0,NA,8858884.66666667,12405312.286129
"289",2013,"NORTH CAROLINA","FOOD FISH","CATFISH","NONE","DOLLARS",4377506,"South",6,6,0,NA,8858884.66666667,12405312.286129
"290",2013,"NORTH CAROLINA","FOOD FISH","CATFISH","FINGERLINGS & FRY","DOLLARS",8858884.66666667,"South",6,6,1,"State Average",8858884.66666667,12405312.286129
"291",2013,"NORTH CAROLINA","FOOD FISH","CATFISH","FOODSIZE","DOLLARS",8858884.66666667,"South",6,6,1,"State Average",8858884.66666667,12405312.286129
"292",2013,"NORTH CAROLINA","FOOD FISH","OTHER SPECIES","NONE","DOLLARS",8858884.66666667,"South",6,6,1,"State Average",8858884.66666667,12405312.286129
"293",2013,"NORTH CAROLINA","FOOD FISH","YELLOW PERCH","NONE","DOLLARS",8858884.66666667,"South",6,6,1,"State Average",8858884.66666667,12405312.286129
"294",2013,"NORTH CAROLINA","FOOD FISH","TILAPIA","NONE","DOLLARS",3096182,"South",6,6,0,NA,8858884.66666667,12405312.286129
"295",2013,"NORTH CAROLINA","FOOD FISH","TROUT","NONE","DOLLARS",6896309,"South",6,6,0,NA,8858884.66666667,12405312.286129
"296",2013,"NORTH CAROLINA","FOOD FISH","TROUT","FINGERLINGS & FRY","DOLLARS",8858884.66666667,"South",6,6,1,"State Average",8858884.66666667,12405312.286129
"297",2013,"NORTH CAROLINA","FOOD FISH","TROUT","FOODSIZE","DOLLARS",6303682,"South",6,6,0,NA,8858884.66666667,12405312.286129
"298",2013,"NORTH CAROLINA","FOOD FISH","TROUT","STOCKERS","DOLLARS",8858884.66666667,"South",6,6,1,"State Average",8858884.66666667,12405312.286129
"299",2013,"OHIO","FOOD FISH","FOOD FISH","NONE","DOLLARS",1414118,"North Central",8,8,0,NA,412744.25,637696.993801653
"300",2013,"OHIO","FOOD FISH","HYBRID STRIPED BASS","NONE","DOLLARS",412744.25,"North Central",8,8,1,"State Average",412744.25,637696.993801653
"301",2013,"OHIO","FOOD FISH","CARP","NONE","DOLLARS",319260,"North Central",8,8,0,NA,412744.25,637696.993801653
"302",2013,"OHIO","FOOD FISH","CARP (EXCL GRASS)","NONE","DOLLARS",412744.25,"North Central",8,8,1,"State Average",412744.25,637696.993801653
"303",2013,"OHIO","FOOD FISH","GRASS CARP","NONE","DOLLARS",412744.25,"North Central",8,8,1,"State Average",412744.25,637696.993801653
"304",2013,"OHIO","FOOD FISH","CATFISH","NONE","DOLLARS",316375,"North Central",8,8,0,NA,412744.25,637696.993801653
"305",2013,"OHIO","FOOD FISH","CATFISH","BROODSTOCK","DOLLARS",412744.25,"North Central",8,8,1,"State Average",412744.25,637696.993801653
"306",2013,"OHIO","FOOD FISH","CATFISH","FINGERLINGS & FRY","DOLLARS",412744.25,"North Central",8,8,1,"State Average",412744.25,637696.993801653
"307",2013,"OHIO","FOOD FISH","CATFISH","FOODSIZE","DOLLARS",229000,"North Central",8,8,0,NA,412744.25,637696.993801653
"308",2013,"OHIO","FOOD FISH","CATFISH","STOCKERS","DOLLARS",71500,"North Central",8,8,0,NA,412744.25,637696.993801653
"309",2013,"OHIO","FOOD FISH","YELLOW PERCH","NONE","DOLLARS",165851,"North Central",8,8,0,NA,412744.25,637696.993801653
"310",2013,"OHIO","FOOD FISH","TILAPIA","NONE","DOLLARS",412744.25,"North Central",8,8,1,"State Average",412744.25,637696.993801653
"311",2013,"OHIO","FOOD FISH","TROUT","NONE","DOLLARS",404850,"North Central",8,8,0,NA,412744.25,637696.993801653
"312",2013,"OHIO","FOOD FISH","TROUT","FINGERLINGS & FRY","DOLLARS",412744.25,"North Central",8,8,1,"State Average",412744.25,637696.993801653
"313",2013,"OHIO","FOOD FISH","TROUT","FOODSIZE","DOLLARS",381000,"North Central",8,8,0,NA,412744.25,637696.993801653
"314",2013,"OHIO","FOOD FISH","TROUT","STOCKERS","DOLLARS",412744.25,"North Central",8,8,1,"State Average",412744.25,637696.993801653
"315",2013,"OKLAHOMA","FOOD FISH","FOOD FISH","NONE","DOLLARS",226250,"South",8,1,0,NA,226250,12405312.286129
"316",2013,"OKLAHOMA","FOOD FISH","CARP","NONE","DOLLARS",226250,"South",8,1,1,"State Average",226250,12405312.286129
"317",2013,"OKLAHOMA","FOOD FISH","CARP (EXCL GRASS)","NONE","DOLLARS",226250,"South",8,1,1,"State Average",226250,12405312.286129
"318",2013,"OKLAHOMA","FOOD FISH","GRASS CARP","NONE","DOLLARS",226250,"South",8,1,1,"State Average",226250,12405312.286129
"319",2013,"OKLAHOMA","FOOD FISH","CATFISH","NONE","DOLLARS",226250,"South",8,1,1,"State Average",226250,12405312.286129
"320",2013,"OKLAHOMA","FOOD FISH","CATFISH","BROODSTOCK","DOLLARS",226250,"South",8,1,1,"State Average",226250,12405312.286129
"321",2013,"OKLAHOMA","FOOD FISH","CATFISH","FINGERLINGS & FRY","DOLLARS",226250,"South",8,1,1,"State Average",226250,12405312.286129
"322",2013,"OKLAHOMA","FOOD FISH","CATFISH","FOODSIZE","DOLLARS",226250,"South",8,1,1,"State Average",226250,12405312.286129
"323",2013,"OKLAHOMA","FOOD FISH","TILAPIA","NONE","DOLLARS",226250,"South",8,1,1,"State Average",226250,12405312.286129
"324",2013,"OREGON","FOOD FISH","FOOD FISH","NONE","DOLLARS",1536587,"West",8,5,0,NA,895222.2,8941774.82371134
"325",2013,"OREGON","FOOD FISH","CATFISH","NONE","DOLLARS",895222.2,"West",8,5,1,"State Average",895222.2,8941774.82371134
"326",2013,"OREGON","FOOD FISH","CATFISH","FINGERLINGS & FRY","DOLLARS",895222.2,"West",8,5,1,"State Average",895222.2,8941774.82371134
"327",2013,"OREGON","FOOD FISH","CATFISH","STOCKERS","DOLLARS",895222.2,"West",8,5,1,"State Average",895222.2,8941774.82371134
"328",2013,"OREGON","FOOD FISH","OTHER SPECIES","NONE","DOLLARS",895222.2,"West",8,5,1,"State Average",895222.2,8941774.82371134
"329",2013,"OREGON","FOOD FISH","PACIFIC SALMON","NONE","DOLLARS",895222.2,"West",8,5,1,"State Average",895222.2,8941774.82371134
"330",2013,"OREGON","FOOD FISH","TILAPIA","NONE","DOLLARS",895222.2,"West",8,5,1,"State Average",895222.2,8941774.82371134
"331",2013,"OREGON","FOOD FISH","TROUT","NONE","DOLLARS",1503767,"West",8,5,0,NA,895222.2,8941774.82371134
"332",2013,"OREGON","FOOD FISH","TROUT","BROODSTOCK","DOLLARS",895222.2,"West",8,5,1,"State Average",895222.2,8941774.82371134
"333",2013,"OREGON","FOOD FISH","TROUT","EGGS","DOLLARS",2416,"West",8,5,0,NA,895222.2,8941774.82371134
"334",2013,"OREGON","FOOD FISH","TROUT","FINGERLINGS & FRY","DOLLARS",895222.2,"West",8,5,1,"State Average",895222.2,8941774.82371134
"335",2013,"OREGON","FOOD FISH","TROUT","FOODSIZE","DOLLARS",1116129,"West",8,5,0,NA,895222.2,8941774.82371134
"336",2013,"OREGON","FOOD FISH","TROUT","STOCKERS","DOLLARS",317212,"West",8,5,0,NA,895222.2,8941774.82371134
"337",2013,"PENNSYLVANIA","FOOD FISH","FOOD FISH","NONE","DOLLARS",5714011,"Northeast",9,7,0,NA,2348592.57142857,826127.858353511
"338",2013,"PENNSYLVANIA","FOOD FISH","HYBRID STRIPED BASS","NONE","DOLLARS",2348592.57142857,"Northeast",9,7,1,"State Average",2348592.57142857,826127.858353511
"339",2013,"PENNSYLVANIA","FOOD FISH","CARP","NONE","DOLLARS",2348592.57142857,"Northeast",9,7,1,"State Average",2348592.57142857,826127.858353511
"340",2013,"PENNSYLVANIA","FOOD FISH","GRASS CARP","NONE","DOLLARS",2348592.57142857,"Northeast",9,7,1,"State Average",2348592.57142857,826127.858353511
"341",2013,"PENNSYLVANIA","FOOD FISH","CATFISH","NONE","DOLLARS",36520,"Northeast",9,7,0,NA,2348592.57142857,826127.858353511
"342",2013,"PENNSYLVANIA","FOOD FISH","CATFISH","FINGERLINGS & FRY","DOLLARS",17295,"Northeast",9,7,0,NA,2348592.57142857,826127.858353511
"343",2013,"PENNSYLVANIA","FOOD FISH","CATFISH","FOODSIZE","DOLLARS",2348592.57142857,"Northeast",9,7,1,"State Average",2348592.57142857,826127.858353511
"344",2013,"PENNSYLVANIA","FOOD FISH","CATFISH","STOCKERS","DOLLARS",2348592.57142857,"Northeast",9,7,1,"State Average",2348592.57142857,826127.858353511
"345",2013,"PENNSYLVANIA","FOOD FISH","YELLOW PERCH","NONE","DOLLARS",2348592.57142857,"Northeast",9,7,1,"State Average",2348592.57142857,826127.858353511
"346",2013,"PENNSYLVANIA","FOOD FISH","TILAPIA","NONE","DOLLARS",2348592.57142857,"Northeast",9,7,1,"State Average",2348592.57142857,826127.858353511
"347",2013,"PENNSYLVANIA","FOOD FISH","TROUT","NONE","DOLLARS",5363016,"Northeast",9,7,0,NA,2348592.57142857,826127.858353511
"348",2013,"PENNSYLVANIA","FOOD FISH","TROUT","BROODSTOCK","DOLLARS",2348592.57142857,"Northeast",9,7,1,"State Average",2348592.57142857,826127.858353511
"349",2013,"PENNSYLVANIA","FOOD FISH","TROUT","EGGS","DOLLARS",2348592.57142857,"Northeast",9,7,1,"State Average",2348592.57142857,826127.858353511
"350",2013,"PENNSYLVANIA","FOOD FISH","TROUT","FINGERLINGS & FRY","DOLLARS",57241,"Northeast",9,7,0,NA,2348592.57142857,826127.858353511
"351",2013,"PENNSYLVANIA","FOOD FISH","TROUT","FOODSIZE","DOLLARS",4354675,"Northeast",9,7,0,NA,2348592.57142857,826127.858353511
"352",2013,"PENNSYLVANIA","FOOD FISH","TROUT","STOCKERS","DOLLARS",897390,"Northeast",9,7,0,NA,2348592.57142857,826127.858353511
"353",2013,"SOUTH CAROLINA","FOOD FISH","FOOD FISH","NONE","DOLLARS",302068,"South",7,3,0,NA,115268,12405312.286129
"354",2013,"SOUTH CAROLINA","FOOD FISH","HYBRID STRIPED BASS","NONE","DOLLARS",115268,"South",7,3,1,"State Average",115268,12405312.286129
"355",2013,"SOUTH CAROLINA","FOOD FISH","CARP","NONE","DOLLARS",115268,"South",7,3,1,"State Average",115268,12405312.286129
"356",2013,"SOUTH CAROLINA","FOOD FISH","CARP (EXCL GRASS)","NONE","DOLLARS",115268,"South",7,3,1,"State Average",115268,12405312.286129
"357",2013,"SOUTH CAROLINA","FOOD FISH","CATFISH","NONE","DOLLARS",21868,"South",7,3,0,NA,115268,12405312.286129
"358",2013,"SOUTH CAROLINA","FOOD FISH","CATFISH","FOODSIZE","DOLLARS",21868,"South",7,3,0,NA,115268,12405312.286129
"359",2013,"SOUTH CAROLINA","FOOD FISH","OTHER SPECIES","NONE","DOLLARS",115268,"South",7,3,1,"State Average",115268,12405312.286129
"360",2013,"SOUTH CAROLINA","FOOD FISH","TILAPIA","NONE","DOLLARS",115268,"South",7,3,1,"State Average",115268,12405312.286129
"361",2013,"SOUTH CAROLINA","FOOD FISH","TROUT","NONE","DOLLARS",115268,"South",7,3,1,"State Average",115268,12405312.286129
"362",2013,"SOUTH CAROLINA","FOOD FISH","TROUT","FOODSIZE","DOLLARS",115268,"South",7,3,1,"State Average",115268,12405312.286129
"363",2013,"SOUTH DAKOTA","FOOD FISH","FOOD FISH","NONE","DOLLARS",30000,"North Central",8,1,1,"State Average",30000,637696.993801653
"364",2013,"SOUTH DAKOTA","FOOD FISH","CARP","NONE","DOLLARS",30000,"North Central",8,1,1,"State Average",30000,637696.993801653
"365",2013,"SOUTH DAKOTA","FOOD FISH","GRASS CARP","NONE","DOLLARS",30000,"North Central",8,1,1,"State Average",30000,637696.993801653
"366",2013,"SOUTH DAKOTA","FOOD FISH","YELLOW PERCH","NONE","DOLLARS",30000,"North Central",8,1,0,NA,30000,637696.993801653
"367",2013,"SOUTH DAKOTA","FOOD FISH","TILAPIA","NONE","DOLLARS",30000,"North Central",8,1,1,"State Average",30000,637696.993801653
"368",2013,"SOUTH DAKOTA","FOOD FISH","TROUT","NONE","DOLLARS",30000,"North Central",8,1,1,"State Average",30000,637696.993801653
"369",2013,"SOUTH DAKOTA","FOOD FISH","TROUT","FINGERLINGS & FRY","DOLLARS",30000,"North Central",8,1,1,"State Average",30000,637696.993801653
"370",2013,"SOUTH DAKOTA","FOOD FISH","TROUT","FOODSIZE","DOLLARS",30000,"North Central",8,1,1,"State Average",30000,637696.993801653
"371",2013,"SOUTH DAKOTA","FOOD FISH","TROUT","STOCKERS","DOLLARS",30000,"North Central",8,1,1,"State Average",30000,637696.993801653
"372",2013,"TENNESSEE","FOOD FISH","FOOD FISH","NONE","DOLLARS",221246,"South",6,3,1,"State Average",221246,12405312.286129
"373",2013,"TENNESSEE","FOOD FISH","CATFISH","NONE","DOLLARS",71738,"South",6,3,0,NA,221246,12405312.286129
"374",2013,"TENNESSEE","FOOD FISH","CATFISH","BROODSTOCK","DOLLARS",221246,"South",6,3,1,"State Average",221246,12405312.286129
"375",2013,"TENNESSEE","FOOD FISH","CATFISH","FOODSIZE","DOLLARS",221246,"South",6,3,1,"State Average",221246,12405312.286129
"376",2013,"TENNESSEE","FOOD FISH","TILAPIA","NONE","DOLLARS",221246,"South",6,3,1,"State Average",221246,12405312.286129
"377",2013,"TENNESSEE","FOOD FISH","TROUT","NONE","DOLLARS",307000,"South",6,3,0,NA,221246,12405312.286129
"378",2013,"TENNESSEE","FOOD FISH","TROUT","FINGERLINGS & FRY","DOLLARS",221246,"South",6,3,1,"State Average",221246,12405312.286129
"379",2013,"TENNESSEE","FOOD FISH","TROUT","FOODSIZE","DOLLARS",285000,"South",6,3,0,NA,221246,12405312.286129
"380",2013,"TENNESSEE","FOOD FISH","TROUT","STOCKERS","DOLLARS",221246,"South",6,3,1,"State Average",221246,12405312.286129
"381",2013,"TEXAS","FOOD FISH","FOOD FISH","NONE","DOLLARS",58440814,"South",10,6,0,NA,21337926,12405312.286129
"382",2013,"TEXAS","FOOD FISH","HYBRID STRIPED BASS","NONE","DOLLARS",25673830,"South",10,6,0,NA,21337926,12405312.286129
"383",2013,"TEXAS","FOOD FISH","CARP","NONE","DOLLARS",21337926,"South",10,6,1,"State Average",21337926,12405312.286129
"384",2013,"TEXAS","FOOD FISH","CARP (EXCL GRASS)","NONE","DOLLARS",21337926,"South",10,6,1,"State Average",21337926,12405312.286129
"385",2013,"TEXAS","FOOD FISH","GRASS CARP","NONE","DOLLARS",204992,"South",10,6,0,NA,21337926,12405312.286129
"386",2013,"TEXAS","FOOD FISH","CATFISH","NONE","DOLLARS",21521167,"South",10,6,0,NA,21337926,12405312.286129
"387",2013,"TEXAS","FOOD FISH","CATFISH","BROODSTOCK","DOLLARS",21337926,"South",10,6,1,"State Average",21337926,12405312.286129
"388",2013,"TEXAS","FOOD FISH","CATFISH","FINGERLINGS & FRY","DOLLARS",21337926,"South",10,6,1,"State Average",21337926,12405312.286129
"389",2013,"TEXAS","FOOD FISH","CATFISH","FOODSIZE","DOLLARS",21387562,"South",10,6,0,NA,21337926,12405312.286129
"390",2013,"TEXAS","FOOD FISH","CATFISH","STOCKERS","DOLLARS",21337926,"South",10,6,1,"State Average",21337926,12405312.286129
"391",2013,"TEXAS","FOOD FISH","RED DRUM","NONE","DOLLARS",21337926,"South",10,6,1,"State Average",21337926,12405312.286129
"392",2013,"TEXAS","FOOD FISH","STURGEON","NONE","DOLLARS",21337926,"South",10,6,1,"State Average",21337926,12405312.286129
"393",2013,"TEXAS","FOOD FISH","TILAPIA","NONE","DOLLARS",799191,"South",10,6,0,NA,21337926,12405312.286129
"394",2013,"TEXAS","FOOD FISH","TROUT","NONE","DOLLARS",21337926,"South",10,6,1,"State Average",21337926,12405312.286129
"395",2013,"TEXAS","FOOD FISH","TROUT","FOODSIZE","DOLLARS",21337926,"South",10,6,1,"State Average",21337926,12405312.286129
"396",2013,"TEXAS","FOOD FISH","TROUT","STOCKERS","DOLLARS",21337926,"South",10,6,1,"State Average",21337926,12405312.286129
"397",2013,"UTAH","FOOD FISH","FOOD FISH","NONE","DOLLARS",656256,"West",3,4,0,NA,485878,8941774.82371134
"398",2013,"UTAH","FOOD FISH","TROUT","NONE","DOLLARS",656256,"West",3,4,0,NA,485878,8941774.82371134
"399",2013,"UTAH","FOOD FISH","TROUT","BROODSTOCK","DOLLARS",485878,"West",3,4,1,"State Average",485878,8941774.82371134
"400",2013,"UTAH","FOOD FISH","TROUT","EGGS","DOLLARS",485878,"West",3,4,1,"State Average",485878,8941774.82371134
"401",2013,"UTAH","FOOD FISH","TROUT","FINGERLINGS & FRY","DOLLARS",485878,"West",3,4,1,"State Average",485878,8941774.82371134
"402",2013,"UTAH","FOOD FISH","TROUT","FOODSIZE","DOLLARS",574500,"West",3,4,0,NA,485878,8941774.82371134
"403",2013,"UTAH","FOOD FISH","TROUT","STOCKERS","DOLLARS",56500,"West",3,4,0,NA,485878,8941774.82371134
"404",2013,"VERMONT","FOOD FISH","FOOD FISH","NONE","DOLLARS",131500,"Northeast",2,4,0,NA,84625,826127.858353511
"405",2013,"VERMONT","FOOD FISH","TROUT","NONE","DOLLARS",131500,"Northeast",2,4,0,NA,84625,826127.858353511
"406",2013,"VERMONT","FOOD FISH","TROUT","EGGS","DOLLARS",84625,"Northeast",2,4,1,"State Average",84625,826127.858353511
"407",2013,"VERMONT","FOOD FISH","TROUT","FINGERLINGS & FRY","DOLLARS",84625,"Northeast",2,4,1,"State Average",84625,826127.858353511
"408",2013,"VERMONT","FOOD FISH","TROUT","FOODSIZE","DOLLARS",15500,"Northeast",2,4,0,NA,84625,826127.858353511
"409",2013,"VERMONT","FOOD FISH","TROUT","STOCKERS","DOLLARS",60000,"Northeast",2,4,0,NA,84625,826127.858353511
"410",2013,"VIRGINIA","FOOD FISH","FOOD FISH","NONE","DOLLARS",11417920,"South",9,4,0,NA,2896202.25,12405312.286129
"411",2013,"VIRGINIA","FOOD FISH","HYBRID STRIPED BASS","NONE","DOLLARS",25418,"South",9,4,0,NA,2896202.25,12405312.286129
"412",2013,"VIRGINIA","FOOD FISH","CATFISH","NONE","DOLLARS",4362,"South",9,4,0,NA,2896202.25,12405312.286129
"413",2013,"VIRGINIA","FOOD FISH","CATFISH","FOODSIZE","DOLLARS",2896202.25,"South",9,4,1,"State Average",2896202.25,12405312.286129
"414",2013,"VIRGINIA","FOOD FISH","CATFISH","STOCKERS","DOLLARS",2896202.25,"South",9,4,1,"State Average",2896202.25,12405312.286129
"415",2013,"VIRGINIA","FOOD FISH","OTHER SPECIES","NONE","DOLLARS",2896202.25,"South",9,4,1,"State Average",2896202.25,12405312.286129
"416",2013,"VIRGINIA","FOOD FISH","TILAPIA","NONE","DOLLARS",2896202.25,"South",9,4,1,"State Average",2896202.25,12405312.286129
"417",2013,"VIRGINIA","FOOD FISH","TROUT","NONE","DOLLARS",2896202.25,"South",9,4,1,"State Average",2896202.25,12405312.286129
"418",2013,"VIRGINIA","FOOD FISH","TROUT","BROODSTOCK","DOLLARS",2896202.25,"South",9,4,1,"State Average",2896202.25,12405312.286129
"419",2013,"VIRGINIA","FOOD FISH","TROUT","EGGS","DOLLARS",2896202.25,"South",9,4,1,"State Average",2896202.25,12405312.286129
"420",2013,"VIRGINIA","FOOD FISH","TROUT","FINGERLINGS & FRY","DOLLARS",2896202.25,"South",9,4,1,"State Average",2896202.25,12405312.286129
"421",2013,"VIRGINIA","FOOD FISH","TROUT","FOODSIZE","DOLLARS",2896202.25,"South",9,4,1,"State Average",2896202.25,12405312.286129
"422",2013,"VIRGINIA","FOOD FISH","TROUT","STOCKERS","DOLLARS",137109,"South",9,4,0,NA,2896202.25,12405312.286129
"423",2013,"WASHINGTON","FOOD FISH","FOOD FISH","NONE","DOLLARS",83570349,"West",6,4,0,NA,36904491,8941774.82371134
"424",2013,"WASHINGTON","FOOD FISH","OTHER SPECIES","NONE","DOLLARS",36904491,"West",6,4,1,"State Average",36904491,8941774.82371134
"425",2013,"WASHINGTON","FOOD FISH","ATLANTIC SALMON","NONE","DOLLARS",55740000,"West",6,4,0,NA,36904491,8941774.82371134
"426",2013,"WASHINGTON","FOOD FISH","PACIFIC SALMON","NONE","DOLLARS",36904491,"West",6,4,1,"State Average",36904491,8941774.82371134
"427",2013,"WASHINGTON","FOOD FISH","TROUT","NONE","DOLLARS",36904491,"West",6,4,1,"State Average",36904491,8941774.82371134
"428",2013,"WASHINGTON","FOOD FISH","TROUT","BROODSTOCK","DOLLARS",36904491,"West",6,4,1,"State Average",36904491,8941774.82371134
"429",2013,"WASHINGTON","FOOD FISH","TROUT","EGGS","DOLLARS",8250014,"West",6,4,0,NA,36904491,8941774.82371134
"430",2013,"WASHINGTON","FOOD FISH","TROUT","FINGERLINGS & FRY","DOLLARS",57601,"West",6,4,0,NA,36904491,8941774.82371134
"431",2013,"WASHINGTON","FOOD FISH","TROUT","FOODSIZE","DOLLARS",36904491,"West",6,4,1,"State Average",36904491,8941774.82371134
"432",2013,"WASHINGTON","FOOD FISH","TROUT","STOCKERS","DOLLARS",36904491,"West",6,4,1,"State Average",36904491,8941774.82371134
"433",2013,"WEST VIRGINIA","FOOD FISH","FOOD FISH","NONE","DOLLARS",1498521,"South",10,4,0,NA,742255,12405312.286129
"434",2013,"WEST VIRGINIA","FOOD FISH","HYBRID STRIPED BASS","NONE","DOLLARS",742255,"South",10,4,1,"State Average",742255,12405312.286129
"435",2013,"WEST VIRGINIA","FOOD FISH","CARP","NONE","DOLLARS",742255,"South",10,4,1,"State Average",742255,12405312.286129
"436",2013,"WEST VIRGINIA","FOOD FISH","GRASS CARP","NONE","DOLLARS",742255,"South",10,4,1,"State Average",742255,12405312.286129
"437",2013,"WEST VIRGINIA","FOOD FISH","CATFISH","NONE","DOLLARS",60160,"South",10,4,0,NA,742255,12405312.286129
"438",2013,"WEST VIRGINIA","FOOD FISH","CATFISH","BROODSTOCK","DOLLARS",742255,"South",10,4,1,"State Average",742255,12405312.286129
"439",2013,"WEST VIRGINIA","FOOD FISH","CATFISH","FINGERLINGS & FRY","DOLLARS",742255,"South",10,4,1,"State Average",742255,12405312.286129
"440",2013,"WEST VIRGINIA","FOOD FISH","CATFISH","FOODSIZE","DOLLARS",742255,"South",10,4,1,"State Average",742255,12405312.286129
"441",2013,"WEST VIRGINIA","FOOD FISH","ATLANTIC SALMON","NONE","DOLLARS",742255,"South",10,4,1,"State Average",742255,12405312.286129
"442",2013,"WEST VIRGINIA","FOOD FISH","TILAPIA","NONE","DOLLARS",742255,"South",10,4,1,"State Average",742255,12405312.286129
"443",2013,"WEST VIRGINIA","FOOD FISH","TROUT","NONE","DOLLARS",1365720,"South",10,4,0,NA,742255,12405312.286129
"444",2013,"WEST VIRGINIA","FOOD FISH","TROUT","FINGERLINGS & FRY","DOLLARS",742255,"South",10,4,1,"State Average",742255,12405312.286129
"445",2013,"WEST VIRGINIA","FOOD FISH","TROUT","FOODSIZE","DOLLARS",742255,"South",10,4,1,"State Average",742255,12405312.286129
"446",2013,"WEST VIRGINIA","FOOD FISH","TROUT","STOCKERS","DOLLARS",44619,"South",10,4,0,NA,742255,12405312.286129
"447",2013,"WISCONSIN","FOOD FISH","FOOD FISH","NONE","DOLLARS",2406691,"North Central",6,6,0,NA,1077952,637696.993801653
"448",2013,"WISCONSIN","FOOD FISH","CATFISH","NONE","DOLLARS",13782,"North Central",6,6,0,NA,1077952,637696.993801653
"449",2013,"WISCONSIN","FOOD FISH","CATFISH","FOODSIZE","DOLLARS",1077952,"North Central",6,6,1,"State Average",1077952,637696.993801653
"450",2013,"WISCONSIN","FOOD FISH","CATFISH","STOCKERS","DOLLARS",1077952,"North Central",6,6,1,"State Average",1077952,637696.993801653
"451",2013,"WISCONSIN","FOOD FISH","OTHER SPECIES","NONE","DOLLARS",1077952,"North Central",6,6,1,"State Average",1077952,637696.993801653
"452",2013,"WISCONSIN","FOOD FISH","YELLOW PERCH","NONE","DOLLARS",171957,"North Central",6,6,0,NA,1077952,637696.993801653
"453",2013,"WISCONSIN","FOOD FISH","TILAPIA","NONE","DOLLARS",1077952,"North Central",6,6,1,"State Average",1077952,637696.993801653
"454",2013,"WISCONSIN","FOOD FISH","TROUT","NONE","DOLLARS",1941322,"North Central",6,6,0,NA,1077952,637696.993801653
"455",2013,"WISCONSIN","FOOD FISH","TROUT","EGGS","DOLLARS",1077952,"North Central",6,6,1,"State Average",1077952,637696.993801653
"456",2013,"WISCONSIN","FOOD FISH","TROUT","FINGERLINGS & FRY","DOLLARS",1077952,"North Central",6,6,1,"State Average",1077952,637696.993801653
"457",2013,"WISCONSIN","FOOD FISH","TROUT","FOODSIZE","DOLLARS",1648130,"North Central",6,6,0,NA,1077952,637696.993801653
"458",2013,"WISCONSIN","FOOD FISH","TROUT","STOCKERS","DOLLARS",285830,"North Central",6,6,0,NA,1077952,637696.993801653
"459",2013,"WYOMING","FOOD FISH","FOOD FISH","NONE","DOLLARS",196000,"West",5,2,0,NA,103500,8941774.82371134
"460",2013,"WYOMING","FOOD FISH","TILAPIA","NONE","DOLLARS",103500,"West",5,2,1,"State Average",103500,8941774.82371134
"461",2013,"WYOMING","FOOD FISH","TROUT","NONE","DOLLARS",103500,"West",5,2,1,"State Average",103500,8941774.82371134
"462",2013,"WYOMING","FOOD FISH","TROUT","BROODSTOCK","DOLLARS",103500,"West",5,2,1,"State Average",103500,8941774.82371134
"463",2013,"WYOMING","FOOD FISH","TROUT","FINGERLINGS & FRY","DOLLARS",103500,"West",5,2,1,"State Average",103500,8941774.82371134
"464",2013,"WYOMING","FOOD FISH","TROUT","FOODSIZE","DOLLARS",103500,"West",5,2,1,"State Average",103500,8941774.82371134
"465",2013,"WYOMING","FOOD FISH","TROUT","STOCKERS","DOLLARS",11000,"West",5,2,0,NA,103500,8941774.82371134
