"","Year","State","State_Code","Commodity","Species","Product_Type","Unit","Value","Wholesale_Type"
"1",2013,"US",0,"MOLLUSKS","MOLLUSKS","ALL PRODUCTS","OPERATIONS",756,NA
"2",2013,"US",0,"MOLLUSKS","MOLLUSKS","ALL PRODUCTS","DOLLARS",328567232,NA
"3",2013,"US",0,"MOLLUSKS","MOLLUSKS","ALL PRODUCTS","DOLLARS_PER_OPERATION",434613,NA
"4",2013,"US",0,"MOLLUSKS","MOLLUSKS","ALL PRODUCTS","PCT BT SIZE GROUP",100,NA
"5",2013,"US",0,"MOLLUSKS","ABALONE","ALL PRODUCTS","OPERATIONS",10,NA
"6",2013,"US",0,"MOLLUSKS","ABALONE","ALL PRODUCTS","DOLLARS",8528690,NA
"7",2013,"US",0,"MOLLUSKS","ABALONE","FOODSIZE","OPERATIONS",10,NA
"8",2013,"US",0,"MOLLUSKS","ABALONE","FOODSIZE","DOLLARS",8528690,NA
"9",2013,"US",0,"MOLLUSKS","ABALONE","FOODSIZE","HEAD",2124230,NA
"10",2013,"US",0,"MOLLUSKS","ABALONE","FOODSIZE","HEAD_PER_LB",5,NA
"11",2013,"US",0,"MOLLUSKS","ABALONE","FOODSIZE","LB",442646,NA
"12",2013,"US",0,"MOLLUSKS","CLAMS","ALL PRODUCTS","OPERATIONS",375,NA
"13",2013,"US",0,"MOLLUSKS","CLAMS","ALL PRODUCTS","DOLLARS",123293019,NA
"14",2013,"US",0,"MOLLUSKS","OTHER CLAMS","ALL PRODUCTS","OPERATIONS",22,NA
"15",2013,"US",0,"MOLLUSKS","OTHER CLAMS","ALL PRODUCTS","DOLLARS",5210067,NA
"16",2013,"US",0,"MOLLUSKS","OTHER CLAMS","BROODSTOCK","OPERATIONS",1,NA
"17",2013,"US",0,"MOLLUSKS","OTHER CLAMS","BROODSTOCK","DOLLARS",NA,NA
"18",2013,"US",0,"MOLLUSKS","OTHER CLAMS","BROODSTOCK","HEAD",NA,NA
"19",2013,"US",0,"MOLLUSKS","OTHER CLAMS","FOODSIZE","OPERATIONS",15,NA
"20",2013,"US",0,"MOLLUSKS","OTHER CLAMS","FOODSIZE","DOLLARS",NA,NA
"21",2013,"US",0,"MOLLUSKS","OTHER CLAMS","FOODSIZE","HEAD",9907019,NA
"22",2013,"US",0,"MOLLUSKS","OTHER CLAMS","FOODSIZE","HEAD_PER_LB",18,NA
"23",2013,"US",0,"MOLLUSKS","OTHER CLAMS","FOODSIZE","LB",560462,NA
"24",2013,"US",0,"MOLLUSKS","OTHER CLAMS","LARVAE & SEED","OPERATIONS",5,NA
"25",2013,"US",0,"MOLLUSKS","OTHER CLAMS","LARVAE & SEED","DOLLARS",NA,NA
"26",2013,"US",0,"MOLLUSKS","OTHER CLAMS","OTHER SIZES","OPERATIONS",1,NA
"27",2013,"US",0,"MOLLUSKS","OTHER CLAMS","OTHER SIZES","DOLLARS",NA,NA
"28",2013,"US",0,"MOLLUSKS","GEODUCK CLAMS","ALL PRODUCTS","OPERATIONS",20,NA
"29",2013,"US",0,"MOLLUSKS","GEODUCK CLAMS","ALL PRODUCTS","DOLLARS",29050795,NA
"30",2013,"US",0,"MOLLUSKS","GEODUCK CLAMS","FOODSIZE","OPERATIONS",17,NA
"31",2013,"US",0,"MOLLUSKS","GEODUCK CLAMS","FOODSIZE","DOLLARS",27939696,NA
"32",2013,"US",0,"MOLLUSKS","GEODUCK CLAMS","FOODSIZE","HEAD",1954982,NA
"33",2013,"US",0,"MOLLUSKS","GEODUCK CLAMS","FOODSIZE","HEAD_PER_LB",1,NA
"34",2013,"US",0,"MOLLUSKS","GEODUCK CLAMS","FOODSIZE","LB",1483417,NA
"35",2013,"US",0,"MOLLUSKS","GEODUCK CLAMS","LARVAE & SEED","OPERATIONS",4,NA
"36",2013,"US",0,"MOLLUSKS","GEODUCK CLAMS","LARVAE & SEED","DOLLARS",1111099,NA
"37",2013,"US",0,"MOLLUSKS","HARD CLAMS","ALL PRODUCTS","OPERATIONS",278,NA
"38",2013,"US",0,"MOLLUSKS","HARD CLAMS","ALL PRODUCTS","DOLLARS",64593667,NA
"39",2013,"US",0,"MOLLUSKS","HARD CLAMS","BROODSTOCK","OPERATIONS",3,NA
"40",2013,"US",0,"MOLLUSKS","HARD CLAMS","BROODSTOCK","DOLLARS",NA,NA
"41",2013,"US",0,"MOLLUSKS","HARD CLAMS","BROODSTOCK","HEAD",NA,NA
"42",2013,"US",0,"MOLLUSKS","HARD CLAMS","FOODSIZE","OPERATIONS",262,NA
"43",2013,"US",0,"MOLLUSKS","HARD CLAMS","FOODSIZE","DOLLARS",59094333,NA
"44",2013,"US",0,"MOLLUSKS","HARD CLAMS","FOODSIZE","HEAD",417695332,NA
"45",2013,"US",0,"MOLLUSKS","HARD CLAMS","FOODSIZE","HEAD_PER_LB",8,NA
"46",2013,"US",0,"MOLLUSKS","HARD CLAMS","FOODSIZE","LB",53239914,NA
"47",2013,"US",0,"MOLLUSKS","HARD CLAMS","LARVAE & SEED","OPERATIONS",28,NA
"48",2013,"US",0,"MOLLUSKS","HARD CLAMS","LARVAE & SEED","DOLLARS",4900334,NA
"49",2013,"US",0,"MOLLUSKS","HARD CLAMS","OTHER SIZES","OPERATIONS",2,NA
"50",2013,"US",0,"MOLLUSKS","HARD CLAMS","OTHER SIZES","DOLLARS",NA,NA
"51",2013,"US",0,"MOLLUSKS","MANILA CLAMS","ALL PRODUCTS","OPERATIONS",80,NA
"52",2013,"US",0,"MOLLUSKS","MANILA CLAMS","ALL PRODUCTS","DOLLARS",24438490,NA
"53",2013,"US",0,"MOLLUSKS","MANILA CLAMS","FOODSIZE","OPERATIONS",77,NA
"54",2013,"US",0,"MOLLUSKS","MANILA CLAMS","FOODSIZE","DOLLARS",23040431,NA
"55",2013,"US",0,"MOLLUSKS","MANILA CLAMS","FOODSIZE","HEAD",145601450,NA
"56",2013,"US",0,"MOLLUSKS","MANILA CLAMS","FOODSIZE","HEAD_PER_LB",17,NA
"57",2013,"US",0,"MOLLUSKS","MANILA CLAMS","FOODSIZE","LB",8372471,NA
"58",2013,"US",0,"MOLLUSKS","MANILA CLAMS","LARVAE & SEED","OPERATIONS",4,NA
"59",2013,"US",0,"MOLLUSKS","MANILA CLAMS","LARVAE & SEED","DOLLARS",1398059,NA
"60",2013,"US",0,"MOLLUSKS","MUSSELS","ALL PRODUCTS","OPERATIONS",32,NA
"61",2013,"US",0,"MOLLUSKS","MUSSELS","ALL PRODUCTS","DOLLARS",12252816,NA
"62",2013,"US",0,"MOLLUSKS","MUSSELS","FOODSIZE","OPERATIONS",31,NA
"63",2013,"US",0,"MOLLUSKS","MUSSELS","FOODSIZE","DOLLARS",NA,NA
"64",2013,"US",0,"MOLLUSKS","MUSSELS","FOODSIZE","HEAD",99525534,NA
"65",2013,"US",0,"MOLLUSKS","MUSSELS","FOODSIZE","HEAD_PER_LB",20,NA
"66",2013,"US",0,"MOLLUSKS","MUSSELS","FOODSIZE","LB",4911154,NA
"67",2013,"US",0,"MOLLUSKS","MUSSELS","LARVAE & SEED","OPERATIONS",1,NA
"68",2013,"US",0,"MOLLUSKS","MUSSELS","LARVAE & SEED","DOLLARS",NA,NA
"69",2013,"US",0,"MOLLUSKS","OTHER SPECIES","ALL PRODUCTS","OPERATIONS",13,NA
"70",2013,"US",0,"MOLLUSKS","OTHER SPECIES","ALL PRODUCTS","DOLLARS",4342857,NA
"71",2013,"US",0,"MOLLUSKS","OTHER SPECIES","FOODSIZE","OPERATIONS",4,NA
"72",2013,"US",0,"MOLLUSKS","OTHER SPECIES","FOODSIZE","DOLLARS",NA,NA
"73",2013,"US",0,"MOLLUSKS","OTHER SPECIES","FOODSIZE","HEAD",NA,NA
"74",2013,"US",0,"MOLLUSKS","OTHER SPECIES","FOODSIZE","HEAD_PER_LB",NA,NA
"75",2013,"US",0,"MOLLUSKS","OTHER SPECIES","FOODSIZE","LB",NA,NA
"76",2013,"US",0,"MOLLUSKS","OTHER SPECIES","LARVAE & SEED","OPERATIONS",6,NA
"77",2013,"US",0,"MOLLUSKS","OTHER SPECIES","LARVAE & SEED","DOLLARS",563900,NA
"78",2013,"US",0,"MOLLUSKS","OTHER SPECIES","OTHER SIZES","OPERATIONS",4,NA
"79",2013,"US",0,"MOLLUSKS","OTHER SPECIES","OTHER SIZES","DOLLARS",NA,NA
"80",2013,"US",0,"MOLLUSKS","OYSTERS","ALL PRODUCTS","OPERATIONS",483,NA
"81",2013,"US",0,"MOLLUSKS","OYSTERS","ALL PRODUCTS","DOLLARS",180149850,NA
"82",2013,"US",0,"MOLLUSKS","OTHER OYSTERS","ALL PRODUCTS","OPERATIONS",41,NA
"83",2013,"US",0,"MOLLUSKS","OTHER OYSTERS","ALL PRODUCTS","DOLLARS",25110413,NA
"84",2013,"US",0,"MOLLUSKS","OTHER OYSTERS","FOODSIZE","OPERATIONS",36,NA
"85",2013,"US",0,"MOLLUSKS","OTHER OYSTERS","FOODSIZE","DOLLARS",NA,NA
"86",2013,"US",0,"MOLLUSKS","OTHER OYSTERS","FOODSIZE","HEAD",NA,NA
"87",2013,"US",0,"MOLLUSKS","OTHER OYSTERS","FOODSIZE","HEAD_PER_LB",NA,NA
"88",2013,"US",0,"MOLLUSKS","OTHER OYSTERS","FOODSIZE","LB",NA,NA
"89",2013,"US",0,"MOLLUSKS","OTHER OYSTERS","LARVAE & SEED","OPERATIONS",2,NA
"90",2013,"US",0,"MOLLUSKS","OTHER OYSTERS","LARVAE & SEED","DOLLARS",NA,NA
"91",2013,"US",0,"MOLLUSKS","OTHER OYSTERS","OTHER SIZES","OPERATIONS",3,NA
"92",2013,"US",0,"MOLLUSKS","OTHER OYSTERS","OTHER SIZES","DOLLARS",NA,NA
"93",2013,"US",0,"MOLLUSKS","EASTERN OYSTERS","ALL PRODUCTS","OPERATIONS",315,NA
"94",2013,"US",0,"MOLLUSKS","EASTERN OYSTERS","ALL PRODUCTS","DOLLARS",68297841,NA
"95",2013,"US",0,"MOLLUSKS","EASTERN OYSTERS","BROODSTOCK","OPERATIONS",3,NA
"96",2013,"US",0,"MOLLUSKS","EASTERN OYSTERS","BROODSTOCK","DOLLARS",125100,NA
"97",2013,"US",0,"MOLLUSKS","EASTERN OYSTERS","BROODSTOCK","HEAD",482200,NA
"98",2013,"US",0,"MOLLUSKS","EASTERN OYSTERS","FOODSIZE","OPERATIONS",306,NA
"99",2013,"US",0,"MOLLUSKS","EASTERN OYSTERS","FOODSIZE","DOLLARS",65383225,NA
"100",2013,"US",0,"MOLLUSKS","EASTERN OYSTERS","FOODSIZE","HEAD",305752216,NA
"101",2013,"US",0,"MOLLUSKS","EASTERN OYSTERS","FOODSIZE","HEAD_PER_LB",7,NA
"102",2013,"US",0,"MOLLUSKS","EASTERN OYSTERS","FOODSIZE","LB",43433740,NA
"103",2013,"US",0,"MOLLUSKS","EASTERN OYSTERS","LARVAE & SEED","OPERATIONS",30,NA
"104",2013,"US",0,"MOLLUSKS","EASTERN OYSTERS","LARVAE & SEED","DOLLARS",2789516,NA
"105",2013,"US",0,"MOLLUSKS","PACIFIC OYSTERS","ALL PRODUCTS","OPERATIONS",145,NA
"106",2013,"US",0,"MOLLUSKS","PACIFIC OYSTERS","ALL PRODUCTS","DOLLARS",86741596,NA
"107",2013,"US",0,"MOLLUSKS","PACIFIC OYSTERS","FOODSIZE","OPERATIONS",140,NA
"108",2013,"US",0,"MOLLUSKS","PACIFIC OYSTERS","FOODSIZE","DOLLARS",81721196,NA
"109",2013,"US",0,"MOLLUSKS","PACIFIC OYSTERS","FOODSIZE","HEAD",213406271,NA
"110",2013,"US",0,"MOLLUSKS","PACIFIC OYSTERS","FOODSIZE","HEAD_PER_LB",4,NA
"111",2013,"US",0,"MOLLUSKS","PACIFIC OYSTERS","FOODSIZE","LB",51547153,NA
"112",2013,"US",0,"MOLLUSKS","PACIFIC OYSTERS","LARVAE & SEED","OPERATIONS",16,NA
"113",2013,"US",0,"MOLLUSKS","PACIFIC OYSTERS","LARVAE & SEED","DOLLARS",5020400,NA
"114",2013,"US",0,"MOLLUSKS",NA,"RETAIL","PCT BY OUTLET",4,NA
"115",2013,"US",0,"MOLLUSKS",NA,"WHOLESALE","PCT BY OUTLET",15,"DIRECT TO RETAILER"
"116",2013,"US",0,"MOLLUSKS",NA,"WHOLESALE","PCT BY OUTLET",NA,"EXPORTS"
"117",2013,"US",0,"MOLLUSKS",NA,"WHOLESALE","PCT BY OUTLET",NA,"GOVT"
"118",2013,"US",0,"MOLLUSKS",NA,"WHOLESALE","PCT BY OUTLET",35,"LIVE HAULERS & BROKERS"
"119",2013,"US",0,"MOLLUSKS",NA,"WHOLESALE","PCT BY OUTLET",6,"OTHER OUTLETS"
"120",2013,"US",0,"MOLLUSKS",NA,"WHOLESALE","PCT BY OUTLET",17,"OTHER PRODUCERS"
"121",2013,"US",0,"MOLLUSKS",NA,"WHOLESALE","PCT BY OUTLET",15,"PROCESSOR"
"122",2013,"US",0,"MOLLUSKS",NA,"WHOLESALE","PCT BY OUTLET",NA,"RECREATIONAL STOCKING"
"123",2013,"ALASKA",2,"MOLLUSKS","MOLLUSKS","ALL PRODUCTS","OPERATIONS",22,NA
"124",2013,"ALASKA",2,"MOLLUSKS","MOLLUSKS","ALL PRODUCTS","DOLLARS",NA,NA
"125",2013,"ALASKA",2,"MOLLUSKS","CLAMS","ALL PRODUCTS","OPERATIONS",1,NA
"126",2013,"ALASKA",2,"MOLLUSKS","CLAMS","ALL PRODUCTS","DOLLARS",NA,NA
"127",2013,"ALASKA",2,"MOLLUSKS","GEODUCK CLAMS","ALL PRODUCTS","OPERATIONS",1,NA
"128",2013,"ALASKA",2,"MOLLUSKS","GEODUCK CLAMS","ALL PRODUCTS","DOLLARS",NA,NA
"129",2013,"ALASKA",2,"MOLLUSKS","MUSSELS","ALL PRODUCTS","OPERATIONS",4,NA
"130",2013,"ALASKA",2,"MOLLUSKS","MUSSELS","ALL PRODUCTS","DOLLARS",21850,NA
"131",2013,"ALASKA",2,"MOLLUSKS","OYSTERS","ALL PRODUCTS","OPERATIONS",22,NA
"132",2013,"ALASKA",2,"MOLLUSKS","OYSTERS","ALL PRODUCTS","DOLLARS",518773,NA
"133",2013,"ALASKA",2,"MOLLUSKS","PACIFIC OYSTERS","ALL PRODUCTS","OPERATIONS",22,NA
"134",2013,"ALASKA",2,"MOLLUSKS","PACIFIC OYSTERS","ALL PRODUCTS","DOLLARS",518773,NA
"135",2013,"CALIFORNIA",6,"MOLLUSKS","MOLLUSKS","ALL PRODUCTS","OPERATIONS",27,NA
"136",2013,"CALIFORNIA",6,"MOLLUSKS","MOLLUSKS","ALL PRODUCTS","DOLLARS",16992302,NA
"137",2013,"CALIFORNIA",6,"MOLLUSKS","ABALONE","ALL PRODUCTS","OPERATIONS",9,NA
"138",2013,"CALIFORNIA",6,"MOLLUSKS","ABALONE","ALL PRODUCTS","DOLLARS",NA,NA
"139",2013,"CALIFORNIA",6,"MOLLUSKS","CLAMS","ALL PRODUCTS","OPERATIONS",4,NA
"140",2013,"CALIFORNIA",6,"MOLLUSKS","CLAMS","ALL PRODUCTS","DOLLARS",NA,NA
"141",2013,"CALIFORNIA",6,"MOLLUSKS","MANILA CLAMS","ALL PRODUCTS","OPERATIONS",4,NA
"142",2013,"CALIFORNIA",6,"MOLLUSKS","MANILA CLAMS","ALL PRODUCTS","DOLLARS",NA,NA
"143",2013,"CALIFORNIA",6,"MOLLUSKS","MUSSELS","ALL PRODUCTS","OPERATIONS",9,NA
"144",2013,"CALIFORNIA",6,"MOLLUSKS","MUSSELS","ALL PRODUCTS","DOLLARS",NA,NA
"145",2013,"CALIFORNIA",6,"MOLLUSKS","OYSTERS","ALL PRODUCTS","OPERATIONS",18,NA
"146",2013,"CALIFORNIA",6,"MOLLUSKS","OYSTERS","ALL PRODUCTS","DOLLARS",9877151,NA
"147",2013,"CALIFORNIA",6,"MOLLUSKS","OTHER OYSTERS","ALL PRODUCTS","OPERATIONS",5,NA
"148",2013,"CALIFORNIA",6,"MOLLUSKS","OTHER OYSTERS","ALL PRODUCTS","DOLLARS",NA,NA
"149",2013,"CALIFORNIA",6,"MOLLUSKS","EASTERN OYSTERS","ALL PRODUCTS","OPERATIONS",3,NA
"150",2013,"CALIFORNIA",6,"MOLLUSKS","EASTERN OYSTERS","ALL PRODUCTS","DOLLARS",NA,NA
"151",2013,"CALIFORNIA",6,"MOLLUSKS","PACIFIC OYSTERS","ALL PRODUCTS","OPERATIONS",18,NA
"152",2013,"CALIFORNIA",6,"MOLLUSKS","PACIFIC OYSTERS","ALL PRODUCTS","DOLLARS",NA,NA
"153",2013,"CONNECTICUT",9,"MOLLUSKS","MOLLUSKS","ALL PRODUCTS","OPERATIONS",25,NA
"154",2013,"CONNECTICUT",9,"MOLLUSKS","MOLLUSKS","ALL PRODUCTS","DOLLARS",28297391,NA
"155",2013,"CONNECTICUT",9,"MOLLUSKS","CLAMS","ALL PRODUCTS","OPERATIONS",16,NA
"156",2013,"CONNECTICUT",9,"MOLLUSKS","CLAMS","ALL PRODUCTS","DOLLARS",18135415,NA
"157",2013,"CONNECTICUT",9,"MOLLUSKS","HARD CLAMS","ALL PRODUCTS","OPERATIONS",16,NA
"158",2013,"CONNECTICUT",9,"MOLLUSKS","HARD CLAMS","ALL PRODUCTS","DOLLARS",18135415,NA
"159",2013,"CONNECTICUT",9,"MOLLUSKS","OYSTERS","ALL PRODUCTS","OPERATIONS",13,NA
"160",2013,"CONNECTICUT",9,"MOLLUSKS","OYSTERS","ALL PRODUCTS","DOLLARS",10161976,NA
"161",2013,"CONNECTICUT",9,"MOLLUSKS","EASTERN OYSTERS","ALL PRODUCTS","OPERATIONS",13,NA
"162",2013,"CONNECTICUT",9,"MOLLUSKS","EASTERN OYSTERS","ALL PRODUCTS","DOLLARS",10161976,NA
"163",2013,"FLORIDA",12,"MOLLUSKS","MOLLUSKS","ALL PRODUCTS","OPERATIONS",132,NA
"164",2013,"FLORIDA",12,"MOLLUSKS","MOLLUSKS","ALL PRODUCTS","DOLLARS",19640914,NA
"165",2013,"FLORIDA",12,"MOLLUSKS","CLAMS","ALL PRODUCTS","OPERATIONS",127,NA
"166",2013,"FLORIDA",12,"MOLLUSKS","CLAMS","ALL PRODUCTS","DOLLARS",18729084,NA
"167",2013,"FLORIDA",12,"MOLLUSKS","OTHER CLAMS","ALL PRODUCTS","OPERATIONS",10,NA
"168",2013,"FLORIDA",12,"MOLLUSKS","OTHER CLAMS","ALL PRODUCTS","DOLLARS",NA,NA
"169",2013,"FLORIDA",12,"MOLLUSKS","HARD CLAMS","ALL PRODUCTS","OPERATIONS",119,NA
"170",2013,"FLORIDA",12,"MOLLUSKS","HARD CLAMS","ALL PRODUCTS","DOLLARS",NA,NA
"171",2013,"FLORIDA",12,"MOLLUSKS","OTHER SPECIES","ALL PRODUCTS","OPERATIONS",7,NA
"172",2013,"FLORIDA",12,"MOLLUSKS","OTHER SPECIES","ALL PRODUCTS","DOLLARS",NA,NA
"173",2013,"FLORIDA",12,"MOLLUSKS","OYSTERS","ALL PRODUCTS","OPERATIONS",4,NA
"174",2013,"FLORIDA",12,"MOLLUSKS","OYSTERS","ALL PRODUCTS","DOLLARS",NA,NA
"175",2013,"FLORIDA",12,"MOLLUSKS","OTHER OYSTERS","ALL PRODUCTS","OPERATIONS",2,NA
"176",2013,"FLORIDA",12,"MOLLUSKS","OTHER OYSTERS","ALL PRODUCTS","DOLLARS",NA,NA
"177",2013,"FLORIDA",12,"MOLLUSKS","EASTERN OYSTERS","ALL PRODUCTS","OPERATIONS",2,NA
"178",2013,"FLORIDA",12,"MOLLUSKS","EASTERN OYSTERS","ALL PRODUCTS","DOLLARS",NA,NA
"179",2013,"GEORGIA",13,"MOLLUSKS","MOLLUSKS","ALL PRODUCTS","OPERATIONS",4,NA
"180",2013,"GEORGIA",13,"MOLLUSKS","MOLLUSKS","ALL PRODUCTS","DOLLARS",NA,NA
"181",2013,"GEORGIA",13,"MOLLUSKS","CLAMS","ALL PRODUCTS","OPERATIONS",4,NA
"182",2013,"GEORGIA",13,"MOLLUSKS","CLAMS","ALL PRODUCTS","DOLLARS",NA,NA
"183",2013,"GEORGIA",13,"MOLLUSKS","OTHER CLAMS","ALL PRODUCTS","OPERATIONS",1,NA
"184",2013,"GEORGIA",13,"MOLLUSKS","OTHER CLAMS","ALL PRODUCTS","DOLLARS",NA,NA
"185",2013,"GEORGIA",13,"MOLLUSKS","HARD CLAMS","ALL PRODUCTS","OPERATIONS",3,NA
"186",2013,"GEORGIA",13,"MOLLUSKS","HARD CLAMS","ALL PRODUCTS","DOLLARS",116000,NA
"187",2013,"HAWAII",15,"MOLLUSKS","MOLLUSKS","ALL PRODUCTS","OPERATIONS",3,NA
"188",2013,"HAWAII",15,"MOLLUSKS","MOLLUSKS","ALL PRODUCTS","DOLLARS",NA,NA
"189",2013,"HAWAII",15,"MOLLUSKS","ABALONE","ALL PRODUCTS","OPERATIONS",1,NA
"190",2013,"HAWAII",15,"MOLLUSKS","ABALONE","ALL PRODUCTS","DOLLARS",NA,NA
"191",2013,"HAWAII",15,"MOLLUSKS","CLAMS","ALL PRODUCTS","OPERATIONS",2,NA
"192",2013,"HAWAII",15,"MOLLUSKS","CLAMS","ALL PRODUCTS","DOLLARS",NA,NA
"193",2013,"HAWAII",15,"MOLLUSKS","OTHER CLAMS","ALL PRODUCTS","OPERATIONS",1,NA
"194",2013,"HAWAII",15,"MOLLUSKS","OTHER CLAMS","ALL PRODUCTS","DOLLARS",NA,NA
"195",2013,"HAWAII",15,"MOLLUSKS","MANILA CLAMS","ALL PRODUCTS","OPERATIONS",1,NA
"196",2013,"HAWAII",15,"MOLLUSKS","MANILA CLAMS","ALL PRODUCTS","DOLLARS",NA,NA
"197",2013,"LOUISIANA",22,"MOLLUSKS","MOLLUSKS","ALL PRODUCTS","OPERATIONS",39,NA
"198",2013,"LOUISIANA",22,"MOLLUSKS","MOLLUSKS","ALL PRODUCTS","DOLLARS",13355478,NA
"199",2013,"LOUISIANA",22,"MOLLUSKS","OYSTERS","ALL PRODUCTS","OPERATIONS",39,NA
"200",2013,"LOUISIANA",22,"MOLLUSKS","OYSTERS","ALL PRODUCTS","DOLLARS",13355478,NA
"201",2013,"LOUISIANA",22,"MOLLUSKS","OTHER OYSTERS","ALL PRODUCTS","OPERATIONS",21,NA
"202",2013,"LOUISIANA",22,"MOLLUSKS","OTHER OYSTERS","ALL PRODUCTS","DOLLARS",9966598,NA
"203",2013,"LOUISIANA",22,"MOLLUSKS","EASTERN OYSTERS","ALL PRODUCTS","OPERATIONS",18,NA
"204",2013,"LOUISIANA",22,"MOLLUSKS","EASTERN OYSTERS","ALL PRODUCTS","DOLLARS",3388880,NA
"205",2013,"MAINE",23,"MOLLUSKS","MOLLUSKS","ALL PRODUCTS","OPERATIONS",22,NA
"206",2013,"MAINE",23,"MOLLUSKS","MOLLUSKS","ALL PRODUCTS","DOLLARS",NA,NA
"207",2013,"MAINE",23,"MOLLUSKS","MUSSELS","ALL PRODUCTS","OPERATIONS",5,NA
"208",2013,"MAINE",23,"MOLLUSKS","MUSSELS","ALL PRODUCTS","DOLLARS",1837653,NA
"209",2013,"MAINE",23,"MOLLUSKS","OYSTERS","ALL PRODUCTS","OPERATIONS",17,NA
"210",2013,"MAINE",23,"MOLLUSKS","OYSTERS","ALL PRODUCTS","DOLLARS",NA,NA
"211",2013,"MAINE",23,"MOLLUSKS","EASTERN OYSTERS","ALL PRODUCTS","OPERATIONS",17,NA
"212",2013,"MAINE",23,"MOLLUSKS","EASTERN OYSTERS","ALL PRODUCTS","DOLLARS",NA,NA
"213",2013,"MARYLAND",24,"MOLLUSKS","MOLLUSKS","ALL PRODUCTS","OPERATIONS",10,NA
"214",2013,"MARYLAND",24,"MOLLUSKS","MOLLUSKS","ALL PRODUCTS","DOLLARS",1737855,NA
"215",2013,"MARYLAND",24,"MOLLUSKS","CLAMS","ALL PRODUCTS","OPERATIONS",1,NA
"216",2013,"MARYLAND",24,"MOLLUSKS","CLAMS","ALL PRODUCTS","DOLLARS",NA,NA
"217",2013,"MARYLAND",24,"MOLLUSKS","HARD CLAMS","ALL PRODUCTS","OPERATIONS",1,NA
"218",2013,"MARYLAND",24,"MOLLUSKS","HARD CLAMS","ALL PRODUCTS","DOLLARS",NA,NA
"219",2013,"MARYLAND",24,"MOLLUSKS","OYSTERS","ALL PRODUCTS","OPERATIONS",10,NA
"220",2013,"MARYLAND",24,"MOLLUSKS","OYSTERS","ALL PRODUCTS","DOLLARS",NA,NA
"221",2013,"MARYLAND",24,"MOLLUSKS","EASTERN OYSTERS","ALL PRODUCTS","OPERATIONS",10,NA
"222",2013,"MARYLAND",24,"MOLLUSKS","EASTERN OYSTERS","ALL PRODUCTS","DOLLARS",NA,NA
"223",2013,"MASSACHUSETTS",25,"MOLLUSKS","MOLLUSKS","ALL PRODUCTS","OPERATIONS",132,NA
"224",2013,"MASSACHUSETTS",25,"MOLLUSKS","MOLLUSKS","ALL PRODUCTS","DOLLARS",NA,NA
"225",2013,"MASSACHUSETTS",25,"MOLLUSKS","CLAMS","ALL PRODUCTS","OPERATIONS",34,NA
"226",2013,"MASSACHUSETTS",25,"MOLLUSKS","CLAMS","ALL PRODUCTS","DOLLARS",NA,NA
"227",2013,"MASSACHUSETTS",25,"MOLLUSKS","OTHER CLAMS","ALL PRODUCTS","OPERATIONS",4,NA
"228",2013,"MASSACHUSETTS",25,"MOLLUSKS","OTHER CLAMS","ALL PRODUCTS","DOLLARS",NA,NA
"229",2013,"MASSACHUSETTS",25,"MOLLUSKS","HARD CLAMS","ALL PRODUCTS","OPERATIONS",33,NA
"230",2013,"MASSACHUSETTS",25,"MOLLUSKS","HARD CLAMS","ALL PRODUCTS","DOLLARS",1711698,NA
"231",2013,"MASSACHUSETTS",25,"MOLLUSKS","OTHER SPECIES","ALL PRODUCTS","OPERATIONS",2,NA
"232",2013,"MASSACHUSETTS",25,"MOLLUSKS","OTHER SPECIES","ALL PRODUCTS","DOLLARS",NA,NA
"233",2013,"MASSACHUSETTS",25,"MOLLUSKS","OYSTERS","ALL PRODUCTS","OPERATIONS",126,NA
"234",2013,"MASSACHUSETTS",25,"MOLLUSKS","OYSTERS","ALL PRODUCTS","DOLLARS",10969622,NA
"235",2013,"MASSACHUSETTS",25,"MOLLUSKS","OTHER OYSTERS","ALL PRODUCTS","OPERATIONS",3,NA
"236",2013,"MASSACHUSETTS",25,"MOLLUSKS","OTHER OYSTERS","ALL PRODUCTS","DOLLARS",NA,NA
"237",2013,"MASSACHUSETTS",25,"MOLLUSKS","EASTERN OYSTERS","ALL PRODUCTS","OPERATIONS",123,NA
"238",2013,"MASSACHUSETTS",25,"MOLLUSKS","EASTERN OYSTERS","ALL PRODUCTS","DOLLARS",NA,NA
"239",2013,"NEW JERSEY",34,"MOLLUSKS","MOLLUSKS","ALL PRODUCTS","OPERATIONS",50,NA
"240",2013,"NEW JERSEY",34,"MOLLUSKS","MOLLUSKS","ALL PRODUCTS","DOLLARS",10302942,NA
"241",2013,"NEW JERSEY",34,"MOLLUSKS","CLAMS","ALL PRODUCTS","OPERATIONS",39,NA
"242",2013,"NEW JERSEY",34,"MOLLUSKS","CLAMS","ALL PRODUCTS","DOLLARS",2334270,NA
"243",2013,"NEW JERSEY",34,"MOLLUSKS","OTHER CLAMS","ALL PRODUCTS","OPERATIONS",3,NA
"244",2013,"NEW JERSEY",34,"MOLLUSKS","OTHER CLAMS","ALL PRODUCTS","DOLLARS",NA,NA
"245",2013,"NEW JERSEY",34,"MOLLUSKS","HARD CLAMS","ALL PRODUCTS","OPERATIONS",37,NA
"246",2013,"NEW JERSEY",34,"MOLLUSKS","HARD CLAMS","ALL PRODUCTS","DOLLARS",NA,NA
"247",2013,"NEW JERSEY",34,"MOLLUSKS","OYSTERS","ALL PRODUCTS","OPERATIONS",19,NA
"248",2013,"NEW JERSEY",34,"MOLLUSKS","OYSTERS","ALL PRODUCTS","DOLLARS",7968672,NA
"249",2013,"NEW JERSEY",34,"MOLLUSKS","EASTERN OYSTERS","ALL PRODUCTS","OPERATIONS",19,NA
"250",2013,"NEW JERSEY",34,"MOLLUSKS","EASTERN OYSTERS","ALL PRODUCTS","DOLLARS",7968672,NA
"251",2013,"NEW YORK",36,"MOLLUSKS","MOLLUSKS","ALL PRODUCTS","OPERATIONS",15,NA
"252",2013,"NEW YORK",36,"MOLLUSKS","MOLLUSKS","ALL PRODUCTS","DOLLARS",5657836,NA
"253",2013,"NEW YORK",36,"MOLLUSKS","CLAMS","ALL PRODUCTS","OPERATIONS",1,NA
"254",2013,"NEW YORK",36,"MOLLUSKS","CLAMS","ALL PRODUCTS","DOLLARS",NA,NA
"255",2013,"NEW YORK",36,"MOLLUSKS","HARD CLAMS","ALL PRODUCTS","OPERATIONS",1,NA
"256",2013,"NEW YORK",36,"MOLLUSKS","HARD CLAMS","ALL PRODUCTS","DOLLARS",NA,NA
"257",2013,"NEW YORK",36,"MOLLUSKS","OYSTERS","ALL PRODUCTS","OPERATIONS",14,NA
"258",2013,"NEW YORK",36,"MOLLUSKS","OYSTERS","ALL PRODUCTS","DOLLARS",NA,NA
"259",2013,"NEW YORK",36,"MOLLUSKS","EASTERN OYSTERS","ALL PRODUCTS","OPERATIONS",14,NA
"260",2013,"NEW YORK",36,"MOLLUSKS","EASTERN OYSTERS","ALL PRODUCTS","DOLLARS",NA,NA
"261",2013,"NORTH CAROLINA",37,"MOLLUSKS","MOLLUSKS","ALL PRODUCTS","OPERATIONS",22,NA
"262",2013,"NORTH CAROLINA",37,"MOLLUSKS","MOLLUSKS","ALL PRODUCTS","DOLLARS",336692,NA
"263",2013,"NORTH CAROLINA",37,"MOLLUSKS","CLAMS","ALL PRODUCTS","OPERATIONS",20,NA
"264",2013,"NORTH CAROLINA",37,"MOLLUSKS","CLAMS","ALL PRODUCTS","DOLLARS",265160,NA
"265",2013,"NORTH CAROLINA",37,"MOLLUSKS","HARD CLAMS","ALL PRODUCTS","OPERATIONS",20,NA
"266",2013,"NORTH CAROLINA",37,"MOLLUSKS","HARD CLAMS","ALL PRODUCTS","DOLLARS",265160,NA
"267",2013,"NORTH CAROLINA",37,"MOLLUSKS","OYSTERS","ALL PRODUCTS","OPERATIONS",8,NA
"268",2013,"NORTH CAROLINA",37,"MOLLUSKS","OYSTERS","ALL PRODUCTS","DOLLARS",71532,NA
"269",2013,"NORTH CAROLINA",37,"MOLLUSKS","EASTERN OYSTERS","ALL PRODUCTS","OPERATIONS",8,NA
"270",2013,"NORTH CAROLINA",37,"MOLLUSKS","EASTERN OYSTERS","ALL PRODUCTS","DOLLARS",71532,NA
"271",2013,"OREGON",41,"MOLLUSKS","MOLLUSKS","ALL PRODUCTS","OPERATIONS",17,NA
"272",2013,"OREGON",41,"MOLLUSKS","MOLLUSKS","ALL PRODUCTS","DOLLARS",10554532,NA
"273",2013,"OREGON",41,"MOLLUSKS","OYSTERS","ALL PRODUCTS","OPERATIONS",17,NA
"274",2013,"OREGON",41,"MOLLUSKS","OYSTERS","ALL PRODUCTS","DOLLARS",10554532,NA
"275",2013,"OREGON",41,"MOLLUSKS","OTHER OYSTERS","ALL PRODUCTS","OPERATIONS",1,NA
"276",2013,"OREGON",41,"MOLLUSKS","OTHER OYSTERS","ALL PRODUCTS","DOLLARS",NA,NA
"277",2013,"OREGON",41,"MOLLUSKS","PACIFIC OYSTERS","ALL PRODUCTS","OPERATIONS",17,NA
"278",2013,"OREGON",41,"MOLLUSKS","PACIFIC OYSTERS","ALL PRODUCTS","DOLLARS",NA,NA
"279",2013,"PENNSYLVANIA",42,"MOLLUSKS","MOLLUSKS","ALL PRODUCTS","OPERATIONS",1,NA
"280",2013,"PENNSYLVANIA",42,"MOLLUSKS","MOLLUSKS","ALL PRODUCTS","DOLLARS",NA,NA
"281",2013,"PENNSYLVANIA",42,"MOLLUSKS","CLAMS","ALL PRODUCTS","OPERATIONS",1,NA
"282",2013,"PENNSYLVANIA",42,"MOLLUSKS","CLAMS","ALL PRODUCTS","DOLLARS",NA,NA
"283",2013,"PENNSYLVANIA",42,"MOLLUSKS","HARD CLAMS","ALL PRODUCTS","OPERATIONS",1,NA
"284",2013,"PENNSYLVANIA",42,"MOLLUSKS","HARD CLAMS","ALL PRODUCTS","DOLLARS",NA,NA
"285",2013,"RHODE ISLAND",44,"MOLLUSKS","MOLLUSKS","ALL PRODUCTS","OPERATIONS",21,NA
"286",2013,"RHODE ISLAND",44,"MOLLUSKS","MOLLUSKS","ALL PRODUCTS","DOLLARS",5733858,NA
"287",2013,"RHODE ISLAND",44,"MOLLUSKS","CLAMS","ALL PRODUCTS","OPERATIONS",2,NA
"288",2013,"RHODE ISLAND",44,"MOLLUSKS","CLAMS","ALL PRODUCTS","DOLLARS",NA,NA
"289",2013,"RHODE ISLAND",44,"MOLLUSKS","HARD CLAMS","ALL PRODUCTS","OPERATIONS",2,NA
"290",2013,"RHODE ISLAND",44,"MOLLUSKS","HARD CLAMS","ALL PRODUCTS","DOLLARS",NA,NA
"291",2013,"RHODE ISLAND",44,"MOLLUSKS","MUSSELS","ALL PRODUCTS","OPERATIONS",1,NA
"292",2013,"RHODE ISLAND",44,"MOLLUSKS","MUSSELS","ALL PRODUCTS","DOLLARS",NA,NA
"293",2013,"RHODE ISLAND",44,"MOLLUSKS","OYSTERS","ALL PRODUCTS","OPERATIONS",21,NA
"294",2013,"RHODE ISLAND",44,"MOLLUSKS","OYSTERS","ALL PRODUCTS","DOLLARS",NA,NA
"295",2013,"RHODE ISLAND",44,"MOLLUSKS","EASTERN OYSTERS","ALL PRODUCTS","OPERATIONS",21,NA
"296",2013,"RHODE ISLAND",44,"MOLLUSKS","EASTERN OYSTERS","ALL PRODUCTS","DOLLARS",NA,NA
"297",2013,"SOUTH CAROLINA",45,"MOLLUSKS","MOLLUSKS","ALL PRODUCTS","OPERATIONS",9,NA
"298",2013,"SOUTH CAROLINA",45,"MOLLUSKS","MOLLUSKS","ALL PRODUCTS","DOLLARS",2007910,NA
"299",2013,"SOUTH CAROLINA",45,"MOLLUSKS","CLAMS","ALL PRODUCTS","OPERATIONS",8,NA
"300",2013,"SOUTH CAROLINA",45,"MOLLUSKS","CLAMS","ALL PRODUCTS","DOLLARS",1822930,NA
"301",2013,"SOUTH CAROLINA",45,"MOLLUSKS","HARD CLAMS","ALL PRODUCTS","OPERATIONS",8,NA
"302",2013,"SOUTH CAROLINA",45,"MOLLUSKS","HARD CLAMS","ALL PRODUCTS","DOLLARS",1822930,NA
"303",2013,"SOUTH CAROLINA",45,"MOLLUSKS","OYSTERS","ALL PRODUCTS","OPERATIONS",6,NA
"304",2013,"SOUTH CAROLINA",45,"MOLLUSKS","OYSTERS","ALL PRODUCTS","DOLLARS",184980,NA
"305",2013,"SOUTH CAROLINA",45,"MOLLUSKS","EASTERN OYSTERS","ALL PRODUCTS","OPERATIONS",6,NA
"306",2013,"SOUTH CAROLINA",45,"MOLLUSKS","EASTERN OYSTERS","ALL PRODUCTS","DOLLARS",184980,NA
"307",2013,"VIRGINIA",51,"MOLLUSKS","MOLLUSKS","ALL PRODUCTS","OPERATIONS",80,NA
"308",2013,"VIRGINIA",51,"MOLLUSKS","MOLLUSKS","ALL PRODUCTS","DOLLARS",41522197,NA
"309",2013,"VIRGINIA",51,"MOLLUSKS","CLAMS","ALL PRODUCTS","OPERATIONS",33,NA
"310",2013,"VIRGINIA",51,"MOLLUSKS","CLAMS","ALL PRODUCTS","DOLLARS",20758844,NA
"311",2013,"VIRGINIA",51,"MOLLUSKS","HARD CLAMS","ALL PRODUCTS","OPERATIONS",33,NA
"312",2013,"VIRGINIA",51,"MOLLUSKS","HARD CLAMS","ALL PRODUCTS","DOLLARS",20758844,NA
"313",2013,"VIRGINIA",51,"MOLLUSKS","OYSTERS","ALL PRODUCTS","OPERATIONS",60,NA
"314",2013,"VIRGINIA",51,"MOLLUSKS","OYSTERS","ALL PRODUCTS","DOLLARS",20763353,NA
"315",2013,"VIRGINIA",51,"MOLLUSKS","EASTERN OYSTERS","ALL PRODUCTS","OPERATIONS",60,NA
"316",2013,"VIRGINIA",51,"MOLLUSKS","EASTERN OYSTERS","ALL PRODUCTS","DOLLARS",20763353,NA
"317",2013,"WASHINGTON",53,"MOLLUSKS","MOLLUSKS","ALL PRODUCTS","OPERATIONS",125,NA
"318",2013,"WASHINGTON",53,"MOLLUSKS","MOLLUSKS","ALL PRODUCTS","DOLLARS",149319676,NA
"319",2013,"WASHINGTON",53,"MOLLUSKS","CLAMS","ALL PRODUCTS","OPERATIONS",82,NA
"320",2013,"WASHINGTON",53,"MOLLUSKS","CLAMS","ALL PRODUCTS","DOLLARS",55212388,NA
"321",2013,"WASHINGTON",53,"MOLLUSKS","OTHER CLAMS","ALL PRODUCTS","OPERATIONS",3,NA
"322",2013,"WASHINGTON",53,"MOLLUSKS","OTHER CLAMS","ALL PRODUCTS","DOLLARS",NA,NA
"323",2013,"WASHINGTON",53,"MOLLUSKS","GEODUCK CLAMS","ALL PRODUCTS","OPERATIONS",19,NA
"324",2013,"WASHINGTON",53,"MOLLUSKS","GEODUCK CLAMS","ALL PRODUCTS","DOLLARS",NA,NA
"325",2013,"WASHINGTON",53,"MOLLUSKS","HARD CLAMS","ALL PRODUCTS","OPERATIONS",4,NA
"326",2013,"WASHINGTON",53,"MOLLUSKS","HARD CLAMS","ALL PRODUCTS","DOLLARS",11430,NA
"327",2013,"WASHINGTON",53,"MOLLUSKS","MANILA CLAMS","ALL PRODUCTS","OPERATIONS",75,NA
"328",2013,"WASHINGTON",53,"MOLLUSKS","MANILA CLAMS","ALL PRODUCTS","DOLLARS",NA,NA
"329",2013,"WASHINGTON",53,"MOLLUSKS","MUSSELS","ALL PRODUCTS","OPERATIONS",13,NA
"330",2013,"WASHINGTON",53,"MOLLUSKS","MUSSELS","ALL PRODUCTS","DOLLARS",9764242,NA
"331",2013,"WASHINGTON",53,"MOLLUSKS","OTHER SPECIES","ALL PRODUCTS","OPERATIONS",4,NA
"332",2013,"WASHINGTON",53,"MOLLUSKS","OTHER SPECIES","ALL PRODUCTS","DOLLARS",3228832,NA
"333",2013,"WASHINGTON",53,"MOLLUSKS","OYSTERS","ALL PRODUCTS","OPERATIONS",89,NA
"334",2013,"WASHINGTON",53,"MOLLUSKS","OYSTERS","ALL PRODUCTS","DOLLARS",81114214,NA
"335",2013,"WASHINGTON",53,"MOLLUSKS","OTHER OYSTERS","ALL PRODUCTS","OPERATIONS",9,NA
"336",2013,"WASHINGTON",53,"MOLLUSKS","OTHER OYSTERS","ALL PRODUCTS","DOLLARS",NA,NA
"337",2013,"WASHINGTON",53,"MOLLUSKS","EASTERN OYSTERS","ALL PRODUCTS","OPERATIONS",1,NA
"338",2013,"WASHINGTON",53,"MOLLUSKS","EASTERN OYSTERS","ALL PRODUCTS","DOLLARS",NA,NA
"339",2013,"WASHINGTON",53,"MOLLUSKS","PACIFIC OYSTERS","ALL PRODUCTS","OPERATIONS",88,NA
"340",2013,"WASHINGTON",53,"MOLLUSKS","PACIFIC OYSTERS","ALL PRODUCTS","DOLLARS",67349166,NA
"341",2005,"US",0,"MOLLUSKS","MOLLUSKS","ALL PRODUCTS","OPERATIONS",980,NA
"342",2005,"US",0,"MOLLUSKS","MOLLUSKS","ALL PRODUCTS","DOLLARS",203182985,NA
"343",2005,"US",0,"MOLLUSKS","MOLLUSKS","ALL PRODUCTS","DOLLARS_PER_OPERATION",207330,NA
"344",2005,"US",0,"MOLLUSKS","MOLLUSKS","ALL PRODUCTS","PCT BT SIZE GROUP",100,NA
"345",2005,"US",0,"MOLLUSKS","ABALONE","ALL PRODUCTS","OPERATIONS",10,NA
"346",2005,"US",0,"MOLLUSKS","ABALONE","ALL PRODUCTS","DOLLARS",9305194,NA
"347",2005,"US",0,"MOLLUSKS","ABALONE","BROODSTOCK","OPERATIONS",1,NA
"348",2005,"US",0,"MOLLUSKS","ABALONE","BROODSTOCK","DOLLARS",NA,NA
"349",2005,"US",0,"MOLLUSKS","ABALONE","BROODSTOCK","HEAD",NA,NA
"350",2005,"US",0,"MOLLUSKS","ABALONE","FOODSIZE","OPERATIONS",9,NA
"351",2005,"US",0,"MOLLUSKS","ABALONE","FOODSIZE","DOLLARS",9178522,NA
"352",2005,"US",0,"MOLLUSKS","ABALONE","FOODSIZE","HEAD",3299567,NA
"353",2005,"US",0,"MOLLUSKS","ABALONE","FOODSIZE","HEAD_PER_LB",6,NA
"354",2005,"US",0,"MOLLUSKS","ABALONE","FOODSIZE","LB",556774,NA
"355",2005,"US",0,"MOLLUSKS","ABALONE","LARVAE & SEED","OPERATIONS",2,NA
"356",2005,"US",0,"MOLLUSKS","ABALONE","LARVAE & SEED","DOLLARS",NA,NA
"357",2005,"US",0,"MOLLUSKS","ABALONE","OTHER SIZES","OPERATIONS",1,NA
"358",2005,"US",0,"MOLLUSKS","ABALONE","OTHER SIZES","DOLLARS",NA,NA
"359",2005,"US",0,"MOLLUSKS","CLAMS","ALL PRODUCTS","OPERATIONS",553,NA
"360",2005,"US",0,"MOLLUSKS","CLAMS","ALL PRODUCTS","DOLLARS",84874340,NA
"361",2005,"US",0,"MOLLUSKS","OTHER CLAMS","ALL PRODUCTS","OPERATIONS",36,NA
"362",2005,"US",0,"MOLLUSKS","OTHER CLAMS","ALL PRODUCTS","DOLLARS",4990181,NA
"363",2005,"US",0,"MOLLUSKS","HARD CLAMS","ALL PRODUCTS","OPERATIONS",434,NA
"364",2005,"US",0,"MOLLUSKS","HARD CLAMS","ALL PRODUCTS","DOLLARS",60403013,NA
"365",2005,"US",0,"MOLLUSKS","HARD CLAMS","FOODSIZE","OPERATIONS",406,NA
"366",2005,"US",0,"MOLLUSKS","HARD CLAMS","FOODSIZE","DOLLARS",56129891,NA
"367",2005,"US",0,"MOLLUSKS","HARD CLAMS","FOODSIZE","HEAD",412875565,NA
"368",2005,"US",0,"MOLLUSKS","HARD CLAMS","FOODSIZE","HEAD_PER_LB",5,NA
"369",2005,"US",0,"MOLLUSKS","HARD CLAMS","FOODSIZE","LB",85175458,NA
"370",2005,"US",0,"MOLLUSKS","HARD CLAMS","LARVAE & SEED","OPERATIONS",46,NA
"371",2005,"US",0,"MOLLUSKS","HARD CLAMS","LARVAE & SEED","DOLLARS",4273122,NA
"372",2005,"US",0,"MOLLUSKS","MANILA CLAMS","ALL PRODUCTS","OPERATIONS",108,NA
"373",2005,"US",0,"MOLLUSKS","MANILA CLAMS","ALL PRODUCTS","DOLLARS",19481146,NA
"374",2005,"US",0,"MOLLUSKS","MANILA CLAMS","BROODSTOCK","OPERATIONS",1,NA
"375",2005,"US",0,"MOLLUSKS","MANILA CLAMS","BROODSTOCK","DOLLARS",NA,NA
"376",2005,"US",0,"MOLLUSKS","MANILA CLAMS","BROODSTOCK","HEAD",NA,NA
"377",2005,"US",0,"MOLLUSKS","MANILA CLAMS","FOODSIZE","OPERATIONS",103,NA
"378",2005,"US",0,"MOLLUSKS","MANILA CLAMS","FOODSIZE","DOLLARS",16653146,NA
"379",2005,"US",0,"MOLLUSKS","MANILA CLAMS","FOODSIZE","HEAD",159886489,NA
"380",2005,"US",0,"MOLLUSKS","MANILA CLAMS","FOODSIZE","HEAD_PER_LB",18,NA
"381",2005,"US",0,"MOLLUSKS","MANILA CLAMS","FOODSIZE","LB",8673146,NA
"382",2005,"US",0,"MOLLUSKS","MANILA CLAMS","LARVAE & SEED","OPERATIONS",7,NA
"383",2005,"US",0,"MOLLUSKS","MANILA CLAMS","LARVAE & SEED","DOLLARS",NA,NA
"384",2005,"US",0,"MOLLUSKS","MUSSELS","ALL PRODUCTS","OPERATIONS",31,NA
"385",2005,"US",0,"MOLLUSKS","MUSSELS","ALL PRODUCTS","DOLLARS",NA,NA
"386",2005,"US",0,"MOLLUSKS","MUSSELS","FOODSIZE","OPERATIONS",28,NA
"387",2005,"US",0,"MOLLUSKS","MUSSELS","FOODSIZE","DOLLARS",4989742,NA
"388",2005,"US",0,"MOLLUSKS","MUSSELS","FOODSIZE","HEAD",83493500,NA
"389",2005,"US",0,"MOLLUSKS","MUSSELS","FOODSIZE","HEAD_PER_LB",15,NA
"390",2005,"US",0,"MOLLUSKS","MUSSELS","FOODSIZE","LB",5638716,NA
"391",2005,"US",0,"MOLLUSKS","MUSSELS","LARVAE & SEED","OPERATIONS",3,NA
"392",2005,"US",0,"MOLLUSKS","MUSSELS","LARVAE & SEED","DOLLARS",NA,NA
"393",2005,"US",0,"MOLLUSKS","OTHER SPECIES","ALL PRODUCTS","OPERATIONS",9,NA
"394",2005,"US",0,"MOLLUSKS","OTHER SPECIES","ALL PRODUCTS","DOLLARS",NA,NA
"395",2005,"US",0,"MOLLUSKS","OYSTERS","ALL PRODUCTS","OPERATIONS",589,NA
"396",2005,"US",0,"MOLLUSKS","OYSTERS","ALL PRODUCTS","DOLLARS",102895809,NA
"397",2005,"US",0,"MOLLUSKS","OTHER OYSTERS","ALL PRODUCTS","OPERATIONS",24,NA
"398",2005,"US",0,"MOLLUSKS","OTHER OYSTERS","ALL PRODUCTS","DOLLARS",4364951,NA
"399",2005,"US",0,"MOLLUSKS","EASTERN OYSTERS","ALL PRODUCTS","OPERATIONS",399,NA
"400",2005,"US",0,"MOLLUSKS","EASTERN OYSTERS","ALL PRODUCTS","DOLLARS",41779759,NA
"401",2005,"US",0,"MOLLUSKS","EASTERN OYSTERS","FOODSIZE","OPERATIONS",386,NA
"402",2005,"US",0,"MOLLUSKS","EASTERN OYSTERS","FOODSIZE","DOLLARS",39891526,NA
"403",2005,"US",0,"MOLLUSKS","EASTERN OYSTERS","FOODSIZE","HEAD",256537443,NA
"404",2005,"US",0,"MOLLUSKS","EASTERN OYSTERS","FOODSIZE","HEAD_PER_LB",2,NA
"405",2005,"US",0,"MOLLUSKS","EASTERN OYSTERS","FOODSIZE","LB",121667627,NA
"406",2005,"US",0,"MOLLUSKS","EASTERN OYSTERS","LARVAE & SEED","OPERATIONS",27,NA
"407",2005,"US",0,"MOLLUSKS","EASTERN OYSTERS","LARVAE & SEED","DOLLARS",1888233,NA
"408",2005,"US",0,"MOLLUSKS","PACIFIC OYSTERS","ALL PRODUCTS","OPERATIONS",195,NA
"409",2005,"US",0,"MOLLUSKS","PACIFIC OYSTERS","ALL PRODUCTS","DOLLARS",56751099,NA
"410",2005,"US",0,"MOLLUSKS","PACIFIC OYSTERS","BROODSTOCK","OPERATIONS",1,NA
"411",2005,"US",0,"MOLLUSKS","PACIFIC OYSTERS","BROODSTOCK","DOLLARS",NA,NA
"412",2005,"US",0,"MOLLUSKS","PACIFIC OYSTERS","BROODSTOCK","HEAD",NA,NA
"413",2005,"US",0,"MOLLUSKS","PACIFIC OYSTERS","FOODSIZE","OPERATIONS",187,NA
"414",2005,"US",0,"MOLLUSKS","PACIFIC OYSTERS","FOODSIZE","DOLLARS",52709684,NA
"415",2005,"US",0,"MOLLUSKS","PACIFIC OYSTERS","FOODSIZE","HEAD",238560078,NA
"416",2005,"US",0,"MOLLUSKS","PACIFIC OYSTERS","FOODSIZE","HEAD_PER_LB",5,NA
"417",2005,"US",0,"MOLLUSKS","PACIFIC OYSTERS","FOODSIZE","LB",47009394,NA
"418",2005,"US",0,"MOLLUSKS","PACIFIC OYSTERS","LARVAE & SEED","OPERATIONS",14,NA
"419",2005,"US",0,"MOLLUSKS","PACIFIC OYSTERS","LARVAE & SEED","DOLLARS",NA,NA
"420",2005,"US",0,"MOLLUSKS",NA,"RETAIL","PCT BY OUTLET",2.3,NA
"421",2005,"US",0,"MOLLUSKS",NA,"WHOLESALE","PCT BY OUTLET",5.1,"DIRECT TO RETAILER"
"422",2005,"US",0,"MOLLUSKS",NA,"WHOLESALE","PCT BY OUTLET",NA,"GOVT"
"423",2005,"US",0,"MOLLUSKS",NA,"WHOLESALE","PCT BY OUTLET",73.7,"LIVE HAULERS & BROKERS"
"424",2005,"US",0,"MOLLUSKS",NA,"WHOLESALE","PCT BY OUTLET",1,"OTHER OUTLETS"
"425",2005,"US",0,"MOLLUSKS",NA,"WHOLESALE","PCT BY OUTLET",3.6,"OTHER PRODUCERS"
"426",2005,"US",0,"MOLLUSKS",NA,"WHOLESALE","PCT BY OUTLET",13.8,"PROCESSOR"
"427",2005,"US",0,"MOLLUSKS",NA,"WHOLESALE","PCT BY OUTLET",NA,"RECREATIONAL STOCKING"
"428",2005,"ALASKA",2,"MOLLUSKS","MOLLUSKS","ALL PRODUCTS","OPERATIONS",25,NA
"429",2005,"ALASKA",2,"MOLLUSKS","MOLLUSKS","ALL PRODUCTS","DOLLARS",NA,NA
"430",2005,"ALASKA",2,"MOLLUSKS","CLAMS","ALL PRODUCTS","OPERATIONS",4,NA
"431",2005,"ALASKA",2,"MOLLUSKS","CLAMS","ALL PRODUCTS","DOLLARS",257000,NA
"432",2005,"ALASKA",2,"MOLLUSKS","OTHER CLAMS","ALL PRODUCTS","OPERATIONS",2,NA
"433",2005,"ALASKA",2,"MOLLUSKS","OTHER CLAMS","ALL PRODUCTS","DOLLARS",NA,NA
"434",2005,"ALASKA",2,"MOLLUSKS","HARD CLAMS","ALL PRODUCTS","OPERATIONS",2,NA
"435",2005,"ALASKA",2,"MOLLUSKS","HARD CLAMS","ALL PRODUCTS","DOLLARS",NA,NA
"436",2005,"ALASKA",2,"MOLLUSKS","HARD CLAMS","FOODSIZE","OPERATIONS",2,NA
"437",2005,"ALASKA",2,"MOLLUSKS","HARD CLAMS","FOODSIZE","DOLLARS",NA,NA
"438",2005,"ALASKA",2,"MOLLUSKS","HARD CLAMS","FOODSIZE","HEAD",NA,NA
"439",2005,"ALASKA",2,"MOLLUSKS","HARD CLAMS","FOODSIZE","HEAD_PER_LB",NA,NA
"440",2005,"ALASKA",2,"MOLLUSKS","HARD CLAMS","FOODSIZE","LB",NA,NA
"441",2005,"ALASKA",2,"MOLLUSKS","MUSSELS","ALL PRODUCTS","OPERATIONS",4,NA
"442",2005,"ALASKA",2,"MOLLUSKS","MUSSELS","ALL PRODUCTS","DOLLARS",NA,NA
"443",2005,"ALASKA",2,"MOLLUSKS","MUSSELS","FOODSIZE","OPERATIONS",4,NA
"444",2005,"ALASKA",2,"MOLLUSKS","MUSSELS","FOODSIZE","DOLLARS",NA,NA
"445",2005,"ALASKA",2,"MOLLUSKS","MUSSELS","FOODSIZE","HEAD",16600,NA
"446",2005,"ALASKA",2,"MOLLUSKS","MUSSELS","FOODSIZE","HEAD_PER_LB",10,NA
"447",2005,"ALASKA",2,"MOLLUSKS","MUSSELS","FOODSIZE","LB",1600,NA
"448",2005,"ALASKA",2,"MOLLUSKS","OYSTERS","ALL PRODUCTS","OPERATIONS",24,NA
"449",2005,"ALASKA",2,"MOLLUSKS","OYSTERS","ALL PRODUCTS","DOLLARS",562365,NA
"450",2005,"ALASKA",2,"MOLLUSKS","OTHER OYSTERS","ALL PRODUCTS","OPERATIONS",1,NA
"451",2005,"ALASKA",2,"MOLLUSKS","OTHER OYSTERS","ALL PRODUCTS","DOLLARS",NA,NA
"452",2005,"ALASKA",2,"MOLLUSKS","PACIFIC OYSTERS","ALL PRODUCTS","OPERATIONS",24,NA
"453",2005,"ALASKA",2,"MOLLUSKS","PACIFIC OYSTERS","ALL PRODUCTS","DOLLARS",NA,NA
"454",2005,"ALASKA",2,"MOLLUSKS","PACIFIC OYSTERS","BROODSTOCK","OPERATIONS",1,NA
"455",2005,"ALASKA",2,"MOLLUSKS","PACIFIC OYSTERS","BROODSTOCK","DOLLARS",NA,NA
"456",2005,"ALASKA",2,"MOLLUSKS","PACIFIC OYSTERS","BROODSTOCK","HEAD",NA,NA
"457",2005,"ALASKA",2,"MOLLUSKS","PACIFIC OYSTERS","FOODSIZE","OPERATIONS",22,NA
"458",2005,"ALASKA",2,"MOLLUSKS","PACIFIC OYSTERS","FOODSIZE","DOLLARS",NA,NA
"459",2005,"ALASKA",2,"MOLLUSKS","PACIFIC OYSTERS","FOODSIZE","HEAD",1531364,NA
"460",2005,"ALASKA",2,"MOLLUSKS","PACIFIC OYSTERS","FOODSIZE","HEAD_PER_LB",6,NA
"461",2005,"ALASKA",2,"MOLLUSKS","PACIFIC OYSTERS","FOODSIZE","LB",250750,NA
"462",2005,"ALASKA",2,"MOLLUSKS","PACIFIC OYSTERS","LARVAE & SEED","OPERATIONS",4,NA
"463",2005,"ALASKA",2,"MOLLUSKS","PACIFIC OYSTERS","LARVAE & SEED","DOLLARS",61175,NA
"464",2005,"ALASKA",2,"MOLLUSKS",NA,"RETAIL","PCT BY OUTLET",7,NA
"465",2005,"ALASKA",2,"MOLLUSKS",NA,"WHOLESALE","PCT BY OUTLET",25,"DIRECT TO RETAILER"
"466",2005,"ALASKA",2,"MOLLUSKS",NA,"WHOLESALE","PCT BY OUTLET",42,"LIVE HAULERS & BROKERS"
"467",2005,"ALASKA",2,"MOLLUSKS",NA,"WHOLESALE","PCT BY OUTLET",19,"OTHER PRODUCERS"
"468",2005,"ALASKA",2,"MOLLUSKS",NA,"WHOLESALE","PCT BY OUTLET",7,"PROCESSOR"
"469",2005,"CALIFORNIA",6,"MOLLUSKS","MOLLUSKS","ALL PRODUCTS","OPERATIONS",21,NA
"470",2005,"CALIFORNIA",6,"MOLLUSKS","MOLLUSKS","ALL PRODUCTS","DOLLARS",20064260,NA
"471",2005,"CALIFORNIA",6,"MOLLUSKS","ABALONE","ALL PRODUCTS","OPERATIONS",7,NA
"472",2005,"CALIFORNIA",6,"MOLLUSKS","ABALONE","ALL PRODUCTS","DOLLARS",NA,NA
"473",2005,"CALIFORNIA",6,"MOLLUSKS","ABALONE","BROODSTOCK","OPERATIONS",1,NA
"474",2005,"CALIFORNIA",6,"MOLLUSKS","ABALONE","BROODSTOCK","DOLLARS",NA,NA
"475",2005,"CALIFORNIA",6,"MOLLUSKS","ABALONE","BROODSTOCK","HEAD",NA,NA
"476",2005,"CALIFORNIA",6,"MOLLUSKS","ABALONE","FOODSIZE","OPERATIONS",6,NA
"477",2005,"CALIFORNIA",6,"MOLLUSKS","ABALONE","FOODSIZE","DOLLARS",NA,NA
"478",2005,"CALIFORNIA",6,"MOLLUSKS","ABALONE","FOODSIZE","HEAD",NA,NA
"479",2005,"CALIFORNIA",6,"MOLLUSKS","ABALONE","FOODSIZE","HEAD_PER_LB",NA,NA
"480",2005,"CALIFORNIA",6,"MOLLUSKS","ABALONE","FOODSIZE","LB",NA,NA
"481",2005,"CALIFORNIA",6,"MOLLUSKS","ABALONE","LARVAE & SEED","OPERATIONS",2,NA
"482",2005,"CALIFORNIA",6,"MOLLUSKS","ABALONE","LARVAE & SEED","DOLLARS",NA,NA
"483",2005,"CALIFORNIA",6,"MOLLUSKS","ABALONE","OTHER SIZES","OPERATIONS",1,NA
"484",2005,"CALIFORNIA",6,"MOLLUSKS","ABALONE","OTHER SIZES","DOLLARS",NA,NA
"485",2005,"CALIFORNIA",6,"MOLLUSKS","CLAMS","ALL PRODUCTS","OPERATIONS",5,NA
"486",2005,"CALIFORNIA",6,"MOLLUSKS","CLAMS","ALL PRODUCTS","DOLLARS",NA,NA
"487",2005,"CALIFORNIA",6,"MOLLUSKS","OTHER CLAMS","ALL PRODUCTS","OPERATIONS",1,NA
"488",2005,"CALIFORNIA",6,"MOLLUSKS","OTHER CLAMS","ALL PRODUCTS","DOLLARS",NA,NA
"489",2005,"CALIFORNIA",6,"MOLLUSKS","MANILA CLAMS","ALL PRODUCTS","OPERATIONS",5,NA
"490",2005,"CALIFORNIA",6,"MOLLUSKS","MANILA CLAMS","ALL PRODUCTS","DOLLARS",NA,NA
"491",2005,"CALIFORNIA",6,"MOLLUSKS","MANILA CLAMS","FOODSIZE","OPERATIONS",3,NA
"492",2005,"CALIFORNIA",6,"MOLLUSKS","MANILA CLAMS","FOODSIZE","DOLLARS",NA,NA
"493",2005,"CALIFORNIA",6,"MOLLUSKS","MANILA CLAMS","FOODSIZE","HEAD",NA,NA
"494",2005,"CALIFORNIA",6,"MOLLUSKS","MANILA CLAMS","FOODSIZE","HEAD_PER_LB",NA,NA
"495",2005,"CALIFORNIA",6,"MOLLUSKS","MANILA CLAMS","FOODSIZE","LB",NA,NA
"496",2005,"CALIFORNIA",6,"MOLLUSKS","MANILA CLAMS","LARVAE & SEED","OPERATIONS",2,NA
"497",2005,"CALIFORNIA",6,"MOLLUSKS","MANILA CLAMS","LARVAE & SEED","DOLLARS",NA,NA
"498",2005,"CALIFORNIA",6,"MOLLUSKS","MUSSELS","ALL PRODUCTS","OPERATIONS",3,NA
"499",2005,"CALIFORNIA",6,"MOLLUSKS","MUSSELS","ALL PRODUCTS","DOLLARS",NA,NA
"500",2005,"CALIFORNIA",6,"MOLLUSKS","MUSSELS","FOODSIZE","OPERATIONS",3,NA
"501",2005,"CALIFORNIA",6,"MOLLUSKS","MUSSELS","FOODSIZE","DOLLARS",NA,NA
"502",2005,"CALIFORNIA",6,"MOLLUSKS","MUSSELS","FOODSIZE","HEAD",NA,NA
"503",2005,"CALIFORNIA",6,"MOLLUSKS","MUSSELS","FOODSIZE","HEAD_PER_LB",NA,NA
"504",2005,"CALIFORNIA",6,"MOLLUSKS","MUSSELS","FOODSIZE","LB",NA,NA
"505",2005,"CALIFORNIA",6,"MOLLUSKS","OYSTERS","ALL PRODUCTS","OPERATIONS",15,NA
"506",2005,"CALIFORNIA",6,"MOLLUSKS","OYSTERS","ALL PRODUCTS","DOLLARS",12387814,NA
"507",2005,"CALIFORNIA",6,"MOLLUSKS","OTHER OYSTERS","ALL PRODUCTS","OPERATIONS",6,NA
"508",2005,"CALIFORNIA",6,"MOLLUSKS","OTHER OYSTERS","ALL PRODUCTS","DOLLARS",NA,NA
"509",2005,"CALIFORNIA",6,"MOLLUSKS","EASTERN OYSTERS","ALL PRODUCTS","OPERATIONS",2,NA
"510",2005,"CALIFORNIA",6,"MOLLUSKS","EASTERN OYSTERS","ALL PRODUCTS","DOLLARS",NA,NA
"511",2005,"CALIFORNIA",6,"MOLLUSKS","EASTERN OYSTERS","FOODSIZE","OPERATIONS",2,NA
"512",2005,"CALIFORNIA",6,"MOLLUSKS","EASTERN OYSTERS","FOODSIZE","DOLLARS",NA,NA
"513",2005,"CALIFORNIA",6,"MOLLUSKS","EASTERN OYSTERS","FOODSIZE","HEAD",NA,NA
"514",2005,"CALIFORNIA",6,"MOLLUSKS","EASTERN OYSTERS","FOODSIZE","HEAD_PER_LB",NA,NA
"515",2005,"CALIFORNIA",6,"MOLLUSKS","EASTERN OYSTERS","FOODSIZE","LB",NA,NA
"516",2005,"CALIFORNIA",6,"MOLLUSKS","PACIFIC OYSTERS","ALL PRODUCTS","OPERATIONS",14,NA
"517",2005,"CALIFORNIA",6,"MOLLUSKS","PACIFIC OYSTERS","ALL PRODUCTS","DOLLARS",10732060,NA
"518",2005,"CALIFORNIA",6,"MOLLUSKS","PACIFIC OYSTERS","FOODSIZE","OPERATIONS",13,NA
"519",2005,"CALIFORNIA",6,"MOLLUSKS","PACIFIC OYSTERS","FOODSIZE","DOLLARS",NA,NA
"520",2005,"CALIFORNIA",6,"MOLLUSKS","PACIFIC OYSTERS","FOODSIZE","HEAD",30921159,NA
"521",2005,"CALIFORNIA",6,"MOLLUSKS","PACIFIC OYSTERS","FOODSIZE","HEAD_PER_LB",8,NA
"522",2005,"CALIFORNIA",6,"MOLLUSKS","PACIFIC OYSTERS","FOODSIZE","LB",3976173,NA
"523",2005,"CALIFORNIA",6,"MOLLUSKS","PACIFIC OYSTERS","LARVAE & SEED","OPERATIONS",2,NA
"524",2005,"CALIFORNIA",6,"MOLLUSKS","PACIFIC OYSTERS","LARVAE & SEED","DOLLARS",NA,NA
"525",2005,"CALIFORNIA",6,"MOLLUSKS",NA,"RETAIL","PCT BY OUTLET",8,NA
"526",2005,"CALIFORNIA",6,"MOLLUSKS",NA,"WHOLESALE","PCT BY OUTLET",5,"DIRECT TO RETAILER"
"527",2005,"CALIFORNIA",6,"MOLLUSKS",NA,"WHOLESALE","PCT BY OUTLET",NA,"GOVT"
"528",2005,"CALIFORNIA",6,"MOLLUSKS",NA,"WHOLESALE","PCT BY OUTLET",71,"LIVE HAULERS & BROKERS"
"529",2005,"CALIFORNIA",6,"MOLLUSKS",NA,"WHOLESALE","PCT BY OUTLET",9,"OTHER OUTLETS"
"530",2005,"CALIFORNIA",6,"MOLLUSKS",NA,"WHOLESALE","PCT BY OUTLET",NA,"OTHER PRODUCERS"
"531",2005,"CALIFORNIA",6,"MOLLUSKS",NA,"WHOLESALE","PCT BY OUTLET",NA,"PROCESSOR"
"532",2005,"CONNECTICUT",9,"MOLLUSKS","MOLLUSKS","ALL PRODUCTS","OPERATIONS",27,NA
"533",2005,"CONNECTICUT",9,"MOLLUSKS","MOLLUSKS","ALL PRODUCTS","DOLLARS",NA,NA
"534",2005,"CONNECTICUT",9,"MOLLUSKS","CLAMS","ALL PRODUCTS","OPERATIONS",22,NA
"535",2005,"CONNECTICUT",9,"MOLLUSKS","CLAMS","ALL PRODUCTS","DOLLARS",11534674,NA
"536",2005,"CONNECTICUT",9,"MOLLUSKS","HARD CLAMS","ALL PRODUCTS","OPERATIONS",22,NA
"537",2005,"CONNECTICUT",9,"MOLLUSKS","HARD CLAMS","ALL PRODUCTS","DOLLARS",11534674,NA
"538",2005,"CONNECTICUT",9,"MOLLUSKS","HARD CLAMS","FOODSIZE","OPERATIONS",22,NA
"539",2005,"CONNECTICUT",9,"MOLLUSKS","HARD CLAMS","FOODSIZE","DOLLARS",11534674,NA
"540",2005,"CONNECTICUT",9,"MOLLUSKS","HARD CLAMS","FOODSIZE","HEAD",90033250,NA
"541",2005,"CONNECTICUT",9,"MOLLUSKS","HARD CLAMS","FOODSIZE","HEAD_PER_LB",6,NA
"542",2005,"CONNECTICUT",9,"MOLLUSKS","HARD CLAMS","FOODSIZE","LB",15494907,NA
"543",2005,"CONNECTICUT",9,"MOLLUSKS","OYSTERS","ALL PRODUCTS","OPERATIONS",13,NA
"544",2005,"CONNECTICUT",9,"MOLLUSKS","OYSTERS","ALL PRODUCTS","DOLLARS",NA,NA
"545",2005,"CONNECTICUT",9,"MOLLUSKS","EASTERN OYSTERS","ALL PRODUCTS","OPERATIONS",13,NA
"546",2005,"CONNECTICUT",9,"MOLLUSKS","EASTERN OYSTERS","ALL PRODUCTS","DOLLARS",NA,NA
"547",2005,"CONNECTICUT",9,"MOLLUSKS","EASTERN OYSTERS","FOODSIZE","OPERATIONS",13,NA
"548",2005,"CONNECTICUT",9,"MOLLUSKS","EASTERN OYSTERS","FOODSIZE","DOLLARS",NA,NA
"549",2005,"CONNECTICUT",9,"MOLLUSKS","EASTERN OYSTERS","FOODSIZE","HEAD",3563600,NA
"550",2005,"CONNECTICUT",9,"MOLLUSKS","EASTERN OYSTERS","FOODSIZE","HEAD_PER_LB",4,NA
"551",2005,"CONNECTICUT",9,"MOLLUSKS","EASTERN OYSTERS","FOODSIZE","LB",805713,NA
"552",2005,"CONNECTICUT",9,"MOLLUSKS",NA,"RETAIL","PCT BY OUTLET",NA,NA
"553",2005,"CONNECTICUT",9,"MOLLUSKS",NA,"WHOLESALE","PCT BY OUTLET",2,"DIRECT TO RETAILER"
"554",2005,"CONNECTICUT",9,"MOLLUSKS",NA,"WHOLESALE","PCT BY OUTLET",98,"LIVE HAULERS & BROKERS"
"555",2005,"CONNECTICUT",9,"MOLLUSKS",NA,"WHOLESALE","PCT BY OUTLET",NA,"PROCESSOR"
"556",2005,"FLORIDA",12,"MOLLUSKS","MOLLUSKS","ALL PRODUCTS","OPERATIONS",154,NA
"557",2005,"FLORIDA",12,"MOLLUSKS","MOLLUSKS","ALL PRODUCTS","DOLLARS",10694298,NA
"558",2005,"FLORIDA",12,"MOLLUSKS","CLAMS","ALL PRODUCTS","OPERATIONS",154,NA
"559",2005,"FLORIDA",12,"MOLLUSKS","CLAMS","ALL PRODUCTS","DOLLARS",NA,NA
"560",2005,"FLORIDA",12,"MOLLUSKS","HARD CLAMS","ALL PRODUCTS","OPERATIONS",154,NA
"561",2005,"FLORIDA",12,"MOLLUSKS","HARD CLAMS","ALL PRODUCTS","DOLLARS",NA,NA
"562",2005,"FLORIDA",12,"MOLLUSKS","HARD CLAMS","FOODSIZE","OPERATIONS",142,NA
"563",2005,"FLORIDA",12,"MOLLUSKS","HARD CLAMS","FOODSIZE","DOLLARS",9785143,NA
"564",2005,"FLORIDA",12,"MOLLUSKS","HARD CLAMS","FOODSIZE","HEAD",92132318,NA
"565",2005,"FLORIDA",12,"MOLLUSKS","HARD CLAMS","FOODSIZE","HEAD_PER_LB",6,NA
"566",2005,"FLORIDA",12,"MOLLUSKS","HARD CLAMS","FOODSIZE","LB",16247803,NA
"567",2005,"FLORIDA",12,"MOLLUSKS","HARD CLAMS","LARVAE & SEED","OPERATIONS",20,NA
"568",2005,"FLORIDA",12,"MOLLUSKS","HARD CLAMS","LARVAE & SEED","DOLLARS",NA,NA
"569",2005,"FLORIDA",12,"MOLLUSKS","OYSTERS","ALL PRODUCTS","OPERATIONS",2,NA
"570",2005,"FLORIDA",12,"MOLLUSKS","OYSTERS","ALL PRODUCTS","DOLLARS",NA,NA
"571",2005,"FLORIDA",12,"MOLLUSKS","OTHER OYSTERS","ALL PRODUCTS","OPERATIONS",1,NA
"572",2005,"FLORIDA",12,"MOLLUSKS","OTHER OYSTERS","ALL PRODUCTS","DOLLARS",NA,NA
"573",2005,"FLORIDA",12,"MOLLUSKS","EASTERN OYSTERS","ALL PRODUCTS","OPERATIONS",1,NA
"574",2005,"FLORIDA",12,"MOLLUSKS","EASTERN OYSTERS","ALL PRODUCTS","DOLLARS",NA,NA
"575",2005,"FLORIDA",12,"MOLLUSKS","EASTERN OYSTERS","LARVAE & SEED","OPERATIONS",1,NA
"576",2005,"FLORIDA",12,"MOLLUSKS","EASTERN OYSTERS","LARVAE & SEED","DOLLARS",NA,NA
"577",2005,"FLORIDA",12,"MOLLUSKS",NA,"RETAIL","PCT BY OUTLET",NA,NA
"578",2005,"FLORIDA",12,"MOLLUSKS",NA,"WHOLESALE","PCT BY OUTLET",1,"DIRECT TO RETAILER"
"579",2005,"FLORIDA",12,"MOLLUSKS",NA,"WHOLESALE","PCT BY OUTLET",NA,"GOVT"
"580",2005,"FLORIDA",12,"MOLLUSKS",NA,"WHOLESALE","PCT BY OUTLET",76,"LIVE HAULERS & BROKERS"
"581",2005,"FLORIDA",12,"MOLLUSKS",NA,"WHOLESALE","PCT BY OUTLET",NA,"OTHER OUTLETS"
"582",2005,"FLORIDA",12,"MOLLUSKS",NA,"WHOLESALE","PCT BY OUTLET",6,"OTHER PRODUCERS"
"583",2005,"FLORIDA",12,"MOLLUSKS",NA,"WHOLESALE","PCT BY OUTLET",15,"PROCESSOR"
"584",2005,"GEORGIA",13,"MOLLUSKS","MOLLUSKS","ALL PRODUCTS","OPERATIONS",1,NA
"585",2005,"GEORGIA",13,"MOLLUSKS","MOLLUSKS","ALL PRODUCTS","DOLLARS",NA,NA
"586",2005,"GEORGIA",13,"MOLLUSKS","CLAMS","ALL PRODUCTS","OPERATIONS",1,NA
"587",2005,"GEORGIA",13,"MOLLUSKS","CLAMS","ALL PRODUCTS","DOLLARS",NA,NA
"588",2005,"GEORGIA",13,"MOLLUSKS","HARD CLAMS","ALL PRODUCTS","OPERATIONS",1,NA
"589",2005,"GEORGIA",13,"MOLLUSKS","HARD CLAMS","ALL PRODUCTS","DOLLARS",NA,NA
"590",2005,"GEORGIA",13,"MOLLUSKS","HARD CLAMS","FOODSIZE","OPERATIONS",1,NA
"591",2005,"GEORGIA",13,"MOLLUSKS","HARD CLAMS","FOODSIZE","DOLLARS",NA,NA
"592",2005,"GEORGIA",13,"MOLLUSKS","HARD CLAMS","FOODSIZE","HEAD",NA,NA
"593",2005,"GEORGIA",13,"MOLLUSKS","HARD CLAMS","FOODSIZE","HEAD_PER_LB",NA,NA
"594",2005,"GEORGIA",13,"MOLLUSKS","HARD CLAMS","FOODSIZE","LB",NA,NA
"595",2005,"GEORGIA",13,"MOLLUSKS",NA,"WHOLESALE","PCT BY OUTLET",100,"LIVE HAULERS & BROKERS"
"596",2005,"HAWAII",15,"MOLLUSKS","MOLLUSKS","ALL PRODUCTS","OPERATIONS",6,NA
"597",2005,"HAWAII",15,"MOLLUSKS","MOLLUSKS","ALL PRODUCTS","DOLLARS",4043000,NA
"598",2005,"HAWAII",15,"MOLLUSKS","ABALONE","ALL PRODUCTS","OPERATIONS",3,NA
"599",2005,"HAWAII",15,"MOLLUSKS","ABALONE","ALL PRODUCTS","DOLLARS",NA,NA
"600",2005,"HAWAII",15,"MOLLUSKS","ABALONE","FOODSIZE","OPERATIONS",3,NA
"601",2005,"HAWAII",15,"MOLLUSKS","ABALONE","FOODSIZE","DOLLARS",NA,NA
"602",2005,"HAWAII",15,"MOLLUSKS","ABALONE","FOODSIZE","HEAD",NA,NA
"603",2005,"HAWAII",15,"MOLLUSKS","ABALONE","FOODSIZE","HEAD_PER_LB",NA,NA
"604",2005,"HAWAII",15,"MOLLUSKS","ABALONE","FOODSIZE","LB",NA,NA
"605",2005,"HAWAII",15,"MOLLUSKS","CLAMS","ALL PRODUCTS","OPERATIONS",2,NA
"606",2005,"HAWAII",15,"MOLLUSKS","CLAMS","ALL PRODUCTS","DOLLARS",NA,NA
"607",2005,"HAWAII",15,"MOLLUSKS","MANILA CLAMS","ALL PRODUCTS","OPERATIONS",2,NA
"608",2005,"HAWAII",15,"MOLLUSKS","MANILA CLAMS","ALL PRODUCTS","DOLLARS",NA,NA
"609",2005,"HAWAII",15,"MOLLUSKS","MANILA CLAMS","LARVAE & SEED","OPERATIONS",2,NA
"610",2005,"HAWAII",15,"MOLLUSKS","MANILA CLAMS","LARVAE & SEED","DOLLARS",NA,NA
"611",2005,"HAWAII",15,"MOLLUSKS","OTHER SPECIES","ALL PRODUCTS","OPERATIONS",1,NA
"612",2005,"HAWAII",15,"MOLLUSKS","OTHER SPECIES","ALL PRODUCTS","DOLLARS",NA,NA
"613",2005,"HAWAII",15,"MOLLUSKS","OYSTERS","ALL PRODUCTS","OPERATIONS",1,NA
"614",2005,"HAWAII",15,"MOLLUSKS","OYSTERS","ALL PRODUCTS","DOLLARS",NA,NA
"615",2005,"HAWAII",15,"MOLLUSKS","PACIFIC OYSTERS","ALL PRODUCTS","OPERATIONS",1,NA
"616",2005,"HAWAII",15,"MOLLUSKS","PACIFIC OYSTERS","ALL PRODUCTS","DOLLARS",NA,NA
"617",2005,"HAWAII",15,"MOLLUSKS","PACIFIC OYSTERS","LARVAE & SEED","OPERATIONS",1,NA
"618",2005,"HAWAII",15,"MOLLUSKS","PACIFIC OYSTERS","LARVAE & SEED","DOLLARS",NA,NA
"619",2005,"HAWAII",15,"MOLLUSKS",NA,"RETAIL","PCT BY OUTLET",NA,NA
"620",2005,"HAWAII",15,"MOLLUSKS",NA,"WHOLESALE","PCT BY OUTLET",NA,"GOVT"
"621",2005,"HAWAII",15,"MOLLUSKS",NA,"WHOLESALE","PCT BY OUTLET",99,"LIVE HAULERS & BROKERS"
"622",2005,"HAWAII",15,"MOLLUSKS",NA,"WHOLESALE","PCT BY OUTLET",NA,"PROCESSOR"
"623",2005,"IDAHO",16,"MOLLUSKS","MOLLUSKS","ALL PRODUCTS","OPERATIONS",1,NA
"624",2005,"IDAHO",16,"MOLLUSKS","MOLLUSKS","ALL PRODUCTS","DOLLARS",NA,NA
"625",2005,"IDAHO",16,"MOLLUSKS","CLAMS","ALL PRODUCTS","OPERATIONS",1,NA
"626",2005,"IDAHO",16,"MOLLUSKS","CLAMS","ALL PRODUCTS","DOLLARS",NA,NA
"627",2005,"IDAHO",16,"MOLLUSKS","OTHER CLAMS","ALL PRODUCTS","OPERATIONS",1,NA
"628",2005,"IDAHO",16,"MOLLUSKS","OTHER CLAMS","ALL PRODUCTS","DOLLARS",NA,NA
"629",2005,"IDAHO",16,"MOLLUSKS",NA,"WHOLESALE","PCT BY OUTLET",100,"DIRECT TO RETAILER"
"630",2005,"LOUISIANA",22,"MOLLUSKS","MOLLUSKS","ALL PRODUCTS","OPERATIONS",135,NA
"631",2005,"LOUISIANA",22,"MOLLUSKS","MOLLUSKS","ALL PRODUCTS","DOLLARS",28498855,NA
"632",2005,"LOUISIANA",22,"MOLLUSKS","OYSTERS","ALL PRODUCTS","OPERATIONS",135,NA
"633",2005,"LOUISIANA",22,"MOLLUSKS","OYSTERS","ALL PRODUCTS","DOLLARS",28498855,NA
"634",2005,"LOUISIANA",22,"MOLLUSKS","EASTERN OYSTERS","ALL PRODUCTS","OPERATIONS",135,NA
"635",2005,"LOUISIANA",22,"MOLLUSKS","EASTERN OYSTERS","ALL PRODUCTS","DOLLARS",28498855,NA
"636",2005,"LOUISIANA",22,"MOLLUSKS","EASTERN OYSTERS","FOODSIZE","OPERATIONS",133,NA
"637",2005,"LOUISIANA",22,"MOLLUSKS","EASTERN OYSTERS","FOODSIZE","DOLLARS",NA,NA
"638",2005,"LOUISIANA",22,"MOLLUSKS","EASTERN OYSTERS","FOODSIZE","HEAD",223425714,NA
"639",2005,"LOUISIANA",22,"MOLLUSKS","EASTERN OYSTERS","FOODSIZE","HEAD_PER_LB",2,NA
"640",2005,"LOUISIANA",22,"MOLLUSKS","EASTERN OYSTERS","FOODSIZE","LB",113311796,NA
"641",2005,"LOUISIANA",22,"MOLLUSKS","EASTERN OYSTERS","LARVAE & SEED","OPERATIONS",2,NA
"642",2005,"LOUISIANA",22,"MOLLUSKS","EASTERN OYSTERS","LARVAE & SEED","DOLLARS",NA,NA
"643",2005,"LOUISIANA",22,"MOLLUSKS",NA,"RETAIL","PCT BY OUTLET",NA,NA
"644",2005,"LOUISIANA",22,"MOLLUSKS",NA,"WHOLESALE","PCT BY OUTLET",7,"DIRECT TO RETAILER"
"645",2005,"LOUISIANA",22,"MOLLUSKS",NA,"WHOLESALE","PCT BY OUTLET",46,"LIVE HAULERS & BROKERS"
"646",2005,"LOUISIANA",22,"MOLLUSKS",NA,"WHOLESALE","PCT BY OUTLET",NA,"OTHER PRODUCERS"
"647",2005,"LOUISIANA",22,"MOLLUSKS",NA,"WHOLESALE","PCT BY OUTLET",45,"PROCESSOR"
"648",2005,"MAINE",23,"MOLLUSKS","MOLLUSKS","ALL PRODUCTS","OPERATIONS",32,NA
"649",2005,"MAINE",23,"MOLLUSKS","MOLLUSKS","ALL PRODUCTS","DOLLARS",2861480,NA
"650",2005,"MAINE",23,"MOLLUSKS","CLAMS","ALL PRODUCTS","OPERATIONS",5,NA
"651",2005,"MAINE",23,"MOLLUSKS","CLAMS","ALL PRODUCTS","DOLLARS",106400,NA
"652",2005,"MAINE",23,"MOLLUSKS","OTHER CLAMS","ALL PRODUCTS","OPERATIONS",2,NA
"653",2005,"MAINE",23,"MOLLUSKS","OTHER CLAMS","ALL PRODUCTS","DOLLARS",NA,NA
"654",2005,"MAINE",23,"MOLLUSKS","HARD CLAMS","ALL PRODUCTS","OPERATIONS",4,NA
"655",2005,"MAINE",23,"MOLLUSKS","HARD CLAMS","ALL PRODUCTS","DOLLARS",NA,NA
"656",2005,"MAINE",23,"MOLLUSKS","HARD CLAMS","FOODSIZE","OPERATIONS",2,NA
"657",2005,"MAINE",23,"MOLLUSKS","HARD CLAMS","FOODSIZE","DOLLARS",NA,NA
"658",2005,"MAINE",23,"MOLLUSKS","HARD CLAMS","FOODSIZE","HEAD",NA,NA
"659",2005,"MAINE",23,"MOLLUSKS","HARD CLAMS","FOODSIZE","HEAD_PER_LB",NA,NA
"660",2005,"MAINE",23,"MOLLUSKS","HARD CLAMS","FOODSIZE","LB",NA,NA
"661",2005,"MAINE",23,"MOLLUSKS","HARD CLAMS","LARVAE & SEED","OPERATIONS",3,NA
"662",2005,"MAINE",23,"MOLLUSKS","HARD CLAMS","LARVAE & SEED","DOLLARS",58100,NA
"663",2005,"MAINE",23,"MOLLUSKS","MUSSELS","ALL PRODUCTS","OPERATIONS",8,NA
"664",2005,"MAINE",23,"MOLLUSKS","MUSSELS","ALL PRODUCTS","DOLLARS",1235880,NA
"665",2005,"MAINE",23,"MOLLUSKS","MUSSELS","FOODSIZE","OPERATIONS",8,NA
"666",2005,"MAINE",23,"MOLLUSKS","MUSSELS","FOODSIZE","DOLLARS",1235880,NA
"667",2005,"MAINE",23,"MOLLUSKS","MUSSELS","FOODSIZE","HEAD",32220520,NA
"668",2005,"MAINE",23,"MOLLUSKS","MUSSELS","FOODSIZE","HEAD_PER_LB",11,NA
"669",2005,"MAINE",23,"MOLLUSKS","MUSSELS","FOODSIZE","LB",2989134,NA
"670",2005,"MAINE",23,"MOLLUSKS","OYSTERS","ALL PRODUCTS","OPERATIONS",21,NA
"671",2005,"MAINE",23,"MOLLUSKS","OYSTERS","ALL PRODUCTS","DOLLARS",1519200,NA
"672",2005,"MAINE",23,"MOLLUSKS","EASTERN OYSTERS","ALL PRODUCTS","OPERATIONS",21,NA
"673",2005,"MAINE",23,"MOLLUSKS","EASTERN OYSTERS","ALL PRODUCTS","DOLLARS",1519200,NA
"674",2005,"MAINE",23,"MOLLUSKS","EASTERN OYSTERS","FOODSIZE","OPERATIONS",20,NA
"675",2005,"MAINE",23,"MOLLUSKS","EASTERN OYSTERS","FOODSIZE","DOLLARS",1342718,NA
"676",2005,"MAINE",23,"MOLLUSKS","EASTERN OYSTERS","FOODSIZE","HEAD",2520630,NA
"677",2005,"MAINE",23,"MOLLUSKS","EASTERN OYSTERS","FOODSIZE","HEAD_PER_LB",5,NA
"678",2005,"MAINE",23,"MOLLUSKS","EASTERN OYSTERS","FOODSIZE","LB",503223,NA
"679",2005,"MAINE",23,"MOLLUSKS","EASTERN OYSTERS","LARVAE & SEED","OPERATIONS",4,NA
"680",2005,"MAINE",23,"MOLLUSKS","EASTERN OYSTERS","LARVAE & SEED","DOLLARS",176482,NA
"681",2005,"MAINE",23,"MOLLUSKS",NA,"RETAIL","PCT BY OUTLET",2,NA
"682",2005,"MAINE",23,"MOLLUSKS",NA,"WHOLESALE","PCT BY OUTLET",16,"DIRECT TO RETAILER"
"683",2005,"MAINE",23,"MOLLUSKS",NA,"WHOLESALE","PCT BY OUTLET",NA,"GOVT"
"684",2005,"MAINE",23,"MOLLUSKS",NA,"WHOLESALE","PCT BY OUTLET",75,"LIVE HAULERS & BROKERS"
"685",2005,"MAINE",23,"MOLLUSKS",NA,"WHOLESALE","PCT BY OUTLET",NA,"OTHER OUTLETS"
"686",2005,"MAINE",23,"MOLLUSKS",NA,"WHOLESALE","PCT BY OUTLET",NA,"OTHER PRODUCERS"
"687",2005,"MAINE",23,"MOLLUSKS",NA,"WHOLESALE","PCT BY OUTLET",7,"PROCESSOR"
"688",2005,"MARYLAND",24,"MOLLUSKS","MOLLUSKS","ALL PRODUCTS","OPERATIONS",6,NA
"689",2005,"MARYLAND",24,"MOLLUSKS","MOLLUSKS","ALL PRODUCTS","DOLLARS",196403,NA
"690",2005,"MARYLAND",24,"MOLLUSKS","CLAMS","ALL PRODUCTS","OPERATIONS",1,NA
"691",2005,"MARYLAND",24,"MOLLUSKS","CLAMS","ALL PRODUCTS","DOLLARS",NA,NA
"692",2005,"MARYLAND",24,"MOLLUSKS","HARD CLAMS","ALL PRODUCTS","OPERATIONS",1,NA
"693",2005,"MARYLAND",24,"MOLLUSKS","HARD CLAMS","ALL PRODUCTS","DOLLARS",NA,NA
"694",2005,"MARYLAND",24,"MOLLUSKS","HARD CLAMS","LARVAE & SEED","OPERATIONS",1,NA
"695",2005,"MARYLAND",24,"MOLLUSKS","HARD CLAMS","LARVAE & SEED","DOLLARS",NA,NA
"696",2005,"MARYLAND",24,"MOLLUSKS","OYSTERS","ALL PRODUCTS","OPERATIONS",6,NA
"697",2005,"MARYLAND",24,"MOLLUSKS","OYSTERS","ALL PRODUCTS","DOLLARS",NA,NA
"698",2005,"MARYLAND",24,"MOLLUSKS","EASTERN OYSTERS","ALL PRODUCTS","OPERATIONS",6,NA
"699",2005,"MARYLAND",24,"MOLLUSKS","EASTERN OYSTERS","ALL PRODUCTS","DOLLARS",NA,NA
"700",2005,"MARYLAND",24,"MOLLUSKS","EASTERN OYSTERS","FOODSIZE","OPERATIONS",5,NA
"701",2005,"MARYLAND",24,"MOLLUSKS","EASTERN OYSTERS","FOODSIZE","DOLLARS",78703,NA
"702",2005,"MARYLAND",24,"MOLLUSKS","EASTERN OYSTERS","FOODSIZE","HEAD",261863,NA
"703",2005,"MARYLAND",24,"MOLLUSKS","EASTERN OYSTERS","FOODSIZE","HEAD_PER_LB",6,NA
"704",2005,"MARYLAND",24,"MOLLUSKS","EASTERN OYSTERS","FOODSIZE","LB",46687,NA
"705",2005,"MARYLAND",24,"MOLLUSKS","EASTERN OYSTERS","LARVAE & SEED","OPERATIONS",2,NA
"706",2005,"MARYLAND",24,"MOLLUSKS","EASTERN OYSTERS","LARVAE & SEED","DOLLARS",NA,NA
"707",2005,"MARYLAND",24,"MOLLUSKS",NA,"RETAIL","PCT BY OUTLET",NA,NA
"708",2005,"MARYLAND",24,"MOLLUSKS",NA,"WHOLESALE","PCT BY OUTLET",12,"DIRECT TO RETAILER"
"709",2005,"MARYLAND",24,"MOLLUSKS",NA,"WHOLESALE","PCT BY OUTLET",NA,"LIVE HAULERS & BROKERS"
"710",2005,"MARYLAND",24,"MOLLUSKS",NA,"WHOLESALE","PCT BY OUTLET",NA,"OTHER PRODUCERS"
"711",2005,"MARYLAND",24,"MOLLUSKS",NA,"WHOLESALE","PCT BY OUTLET",NA,"PROCESSOR"
"712",2005,"MASSACHUSETTS",25,"MOLLUSKS","MOLLUSKS","ALL PRODUCTS","OPERATIONS",138,NA
"713",2005,"MASSACHUSETTS",25,"MOLLUSKS","MOLLUSKS","ALL PRODUCTS","DOLLARS",6156786,NA
"714",2005,"MASSACHUSETTS",25,"MOLLUSKS","CLAMS","ALL PRODUCTS","OPERATIONS",80,NA
"715",2005,"MASSACHUSETTS",25,"MOLLUSKS","CLAMS","ALL PRODUCTS","DOLLARS",NA,NA
"716",2005,"MASSACHUSETTS",25,"MOLLUSKS","OTHER CLAMS","ALL PRODUCTS","OPERATIONS",15,NA
"717",2005,"MASSACHUSETTS",25,"MOLLUSKS","OTHER CLAMS","ALL PRODUCTS","DOLLARS",NA,NA
"718",2005,"MASSACHUSETTS",25,"MOLLUSKS","HARD CLAMS","ALL PRODUCTS","OPERATIONS",76,NA
"719",2005,"MASSACHUSETTS",25,"MOLLUSKS","HARD CLAMS","ALL PRODUCTS","DOLLARS",2449898,NA
"720",2005,"MASSACHUSETTS",25,"MOLLUSKS","HARD CLAMS","FOODSIZE","OPERATIONS",75,NA
"721",2005,"MASSACHUSETTS",25,"MOLLUSKS","HARD CLAMS","FOODSIZE","DOLLARS",NA,NA
"722",2005,"MASSACHUSETTS",25,"MOLLUSKS","HARD CLAMS","FOODSIZE","HEAD",14327920,NA
"723",2005,"MASSACHUSETTS",25,"MOLLUSKS","HARD CLAMS","FOODSIZE","HEAD_PER_LB",6,NA
"724",2005,"MASSACHUSETTS",25,"MOLLUSKS","HARD CLAMS","FOODSIZE","LB",2213074,NA
"725",2005,"MASSACHUSETTS",25,"MOLLUSKS","HARD CLAMS","LARVAE & SEED","OPERATIONS",2,NA
"726",2005,"MASSACHUSETTS",25,"MOLLUSKS","HARD CLAMS","LARVAE & SEED","DOLLARS",NA,NA
"727",2005,"MASSACHUSETTS",25,"MOLLUSKS","MUSSELS","ALL PRODUCTS","OPERATIONS",3,NA
"728",2005,"MASSACHUSETTS",25,"MOLLUSKS","MUSSELS","ALL PRODUCTS","DOLLARS",NA,NA
"729",2005,"MASSACHUSETTS",25,"MOLLUSKS","MUSSELS","FOODSIZE","OPERATIONS",3,NA
"730",2005,"MASSACHUSETTS",25,"MOLLUSKS","MUSSELS","FOODSIZE","DOLLARS",NA,NA
"731",2005,"MASSACHUSETTS",25,"MOLLUSKS","MUSSELS","FOODSIZE","HEAD",NA,NA
"732",2005,"MASSACHUSETTS",25,"MOLLUSKS","MUSSELS","FOODSIZE","HEAD_PER_LB",NA,NA
"733",2005,"MASSACHUSETTS",25,"MOLLUSKS","MUSSELS","FOODSIZE","LB",NA,NA
"734",2005,"MASSACHUSETTS",25,"MOLLUSKS","OTHER SPECIES","ALL PRODUCTS","OPERATIONS",2,NA
"735",2005,"MASSACHUSETTS",25,"MOLLUSKS","OTHER SPECIES","ALL PRODUCTS","DOLLARS",NA,NA
"736",2005,"MASSACHUSETTS",25,"MOLLUSKS","OYSTERS","ALL PRODUCTS","OPERATIONS",99,NA
"737",2005,"MASSACHUSETTS",25,"MOLLUSKS","OYSTERS","ALL PRODUCTS","DOLLARS",3026157,NA
"738",2005,"MASSACHUSETTS",25,"MOLLUSKS","EASTERN OYSTERS","ALL PRODUCTS","OPERATIONS",99,NA
"739",2005,"MASSACHUSETTS",25,"MOLLUSKS","EASTERN OYSTERS","ALL PRODUCTS","DOLLARS",3026157,NA
"740",2005,"MASSACHUSETTS",25,"MOLLUSKS","EASTERN OYSTERS","FOODSIZE","OPERATIONS",99,NA
"741",2005,"MASSACHUSETTS",25,"MOLLUSKS","EASTERN OYSTERS","FOODSIZE","DOLLARS",NA,NA
"742",2005,"MASSACHUSETTS",25,"MOLLUSKS","EASTERN OYSTERS","FOODSIZE","HEAD",6440216,NA
"743",2005,"MASSACHUSETTS",25,"MOLLUSKS","EASTERN OYSTERS","FOODSIZE","HEAD_PER_LB",6,NA
"744",2005,"MASSACHUSETTS",25,"MOLLUSKS","EASTERN OYSTERS","FOODSIZE","LB",1128615,NA
"745",2005,"MASSACHUSETTS",25,"MOLLUSKS","EASTERN OYSTERS","LARVAE & SEED","OPERATIONS",2,NA
"746",2005,"MASSACHUSETTS",25,"MOLLUSKS","EASTERN OYSTERS","LARVAE & SEED","DOLLARS",NA,NA
"747",2005,"MASSACHUSETTS",25,"MOLLUSKS",NA,"RETAIL","PCT BY OUTLET",NA,NA
"748",2005,"MASSACHUSETTS",25,"MOLLUSKS",NA,"WHOLESALE","PCT BY OUTLET",9,"DIRECT TO RETAILER"
"749",2005,"MASSACHUSETTS",25,"MOLLUSKS",NA,"WHOLESALE","PCT BY OUTLET",NA,"GOVT"
"750",2005,"MASSACHUSETTS",25,"MOLLUSKS",NA,"WHOLESALE","PCT BY OUTLET",71,"LIVE HAULERS & BROKERS"
"751",2005,"MASSACHUSETTS",25,"MOLLUSKS",NA,"WHOLESALE","PCT BY OUTLET",2,"OTHER PRODUCERS"
"752",2005,"MASSACHUSETTS",25,"MOLLUSKS",NA,"WHOLESALE","PCT BY OUTLET",17,"PROCESSOR"
"753",2005,"NEW HAMPSHIRE",33,"MOLLUSKS","MOLLUSKS","ALL PRODUCTS","OPERATIONS",2,NA
"754",2005,"NEW HAMPSHIRE",33,"MOLLUSKS","MOLLUSKS","ALL PRODUCTS","DOLLARS",NA,NA
"755",2005,"NEW HAMPSHIRE",33,"MOLLUSKS","MUSSELS","ALL PRODUCTS","OPERATIONS",1,NA
"756",2005,"NEW HAMPSHIRE",33,"MOLLUSKS","MUSSELS","ALL PRODUCTS","DOLLARS",NA,NA
"757",2005,"NEW HAMPSHIRE",33,"MOLLUSKS","MUSSELS","FOODSIZE","OPERATIONS",1,NA
"758",2005,"NEW HAMPSHIRE",33,"MOLLUSKS","MUSSELS","FOODSIZE","DOLLARS",NA,NA
"759",2005,"NEW HAMPSHIRE",33,"MOLLUSKS","MUSSELS","FOODSIZE","HEAD",NA,NA
"760",2005,"NEW HAMPSHIRE",33,"MOLLUSKS","MUSSELS","FOODSIZE","HEAD_PER_LB",NA,NA
"761",2005,"NEW HAMPSHIRE",33,"MOLLUSKS","MUSSELS","FOODSIZE","LB",NA,NA
"762",2005,"NEW HAMPSHIRE",33,"MOLLUSKS","OYSTERS","ALL PRODUCTS","OPERATIONS",1,NA
"763",2005,"NEW HAMPSHIRE",33,"MOLLUSKS","OYSTERS","ALL PRODUCTS","DOLLARS",NA,NA
"764",2005,"NEW HAMPSHIRE",33,"MOLLUSKS","EASTERN OYSTERS","ALL PRODUCTS","OPERATIONS",1,NA
"765",2005,"NEW HAMPSHIRE",33,"MOLLUSKS","EASTERN OYSTERS","ALL PRODUCTS","DOLLARS",NA,NA
"766",2005,"NEW HAMPSHIRE",33,"MOLLUSKS","EASTERN OYSTERS","FOODSIZE","OPERATIONS",1,NA
"767",2005,"NEW HAMPSHIRE",33,"MOLLUSKS","EASTERN OYSTERS","FOODSIZE","DOLLARS",NA,NA
"768",2005,"NEW HAMPSHIRE",33,"MOLLUSKS","EASTERN OYSTERS","FOODSIZE","HEAD",NA,NA
"769",2005,"NEW HAMPSHIRE",33,"MOLLUSKS","EASTERN OYSTERS","FOODSIZE","HEAD_PER_LB",NA,NA
"770",2005,"NEW HAMPSHIRE",33,"MOLLUSKS","EASTERN OYSTERS","FOODSIZE","LB",NA,NA
"771",2005,"NEW HAMPSHIRE",33,"MOLLUSKS",NA,"WHOLESALE","PCT BY OUTLET",52,"DIRECT TO RETAILER"
"772",2005,"NEW HAMPSHIRE",33,"MOLLUSKS",NA,"WHOLESALE","PCT BY OUTLET",48,"PROCESSOR"
"773",2005,"NEW JERSEY",34,"MOLLUSKS","MOLLUSKS","ALL PRODUCTS","OPERATIONS",67,NA
"774",2005,"NEW JERSEY",34,"MOLLUSKS","MOLLUSKS","ALL PRODUCTS","DOLLARS",2820325,NA
"775",2005,"NEW JERSEY",34,"MOLLUSKS","CLAMS","ALL PRODUCTS","OPERATIONS",51,NA
"776",2005,"NEW JERSEY",34,"MOLLUSKS","CLAMS","ALL PRODUCTS","DOLLARS",2097770,NA
"777",2005,"NEW JERSEY",34,"MOLLUSKS","HARD CLAMS","ALL PRODUCTS","OPERATIONS",51,NA
"778",2005,"NEW JERSEY",34,"MOLLUSKS","HARD CLAMS","ALL PRODUCTS","DOLLARS",2097770,NA
"779",2005,"NEW JERSEY",34,"MOLLUSKS","HARD CLAMS","FOODSIZE","OPERATIONS",49,NA
"780",2005,"NEW JERSEY",34,"MOLLUSKS","HARD CLAMS","FOODSIZE","DOLLARS",NA,NA
"781",2005,"NEW JERSEY",34,"MOLLUSKS","HARD CLAMS","FOODSIZE","HEAD",11377923,NA
"782",2005,"NEW JERSEY",34,"MOLLUSKS","HARD CLAMS","FOODSIZE","HEAD_PER_LB",6,NA
"783",2005,"NEW JERSEY",34,"MOLLUSKS","HARD CLAMS","FOODSIZE","LB",1802836,NA
"784",2005,"NEW JERSEY",34,"MOLLUSKS","HARD CLAMS","LARVAE & SEED","OPERATIONS",5,NA
"785",2005,"NEW JERSEY",34,"MOLLUSKS","HARD CLAMS","LARVAE & SEED","DOLLARS",NA,NA
"786",2005,"NEW JERSEY",34,"MOLLUSKS","OYSTERS","ALL PRODUCTS","OPERATIONS",17,NA
"787",2005,"NEW JERSEY",34,"MOLLUSKS","OYSTERS","ALL PRODUCTS","DOLLARS",722555,NA
"788",2005,"NEW JERSEY",34,"MOLLUSKS","EASTERN OYSTERS","ALL PRODUCTS","OPERATIONS",17,NA
"789",2005,"NEW JERSEY",34,"MOLLUSKS","EASTERN OYSTERS","ALL PRODUCTS","DOLLARS",722555,NA
"790",2005,"NEW JERSEY",34,"MOLLUSKS","EASTERN OYSTERS","FOODSIZE","OPERATIONS",17,NA
"791",2005,"NEW JERSEY",34,"MOLLUSKS","EASTERN OYSTERS","FOODSIZE","DOLLARS",NA,NA
"792",2005,"NEW JERSEY",34,"MOLLUSKS","EASTERN OYSTERS","FOODSIZE","HEAD",3252900,NA
"793",2005,"NEW JERSEY",34,"MOLLUSKS","EASTERN OYSTERS","FOODSIZE","HEAD_PER_LB",4,NA
"794",2005,"NEW JERSEY",34,"MOLLUSKS","EASTERN OYSTERS","FOODSIZE","LB",807400,NA
"795",2005,"NEW JERSEY",34,"MOLLUSKS","EASTERN OYSTERS","LARVAE & SEED","OPERATIONS",1,NA
"796",2005,"NEW JERSEY",34,"MOLLUSKS","EASTERN OYSTERS","LARVAE & SEED","DOLLARS",NA,NA
"797",2005,"NEW JERSEY",34,"MOLLUSKS",NA,"RETAIL","PCT BY OUTLET",NA,NA
"798",2005,"NEW JERSEY",34,"MOLLUSKS",NA,"WHOLESALE","PCT BY OUTLET",14,"DIRECT TO RETAILER"
"799",2005,"NEW JERSEY",34,"MOLLUSKS",NA,"WHOLESALE","PCT BY OUTLET",75,"LIVE HAULERS & BROKERS"
"800",2005,"NEW JERSEY",34,"MOLLUSKS",NA,"WHOLESALE","PCT BY OUTLET",NA,"OTHER OUTLETS"
"801",2005,"NEW JERSEY",34,"MOLLUSKS",NA,"WHOLESALE","PCT BY OUTLET",NA,"OTHER PRODUCERS"
"802",2005,"NEW JERSEY",34,"MOLLUSKS",NA,"WHOLESALE","PCT BY OUTLET",10,"PROCESSOR"
"803",2005,"NEW YORK",36,"MOLLUSKS","MOLLUSKS","ALL PRODUCTS","OPERATIONS",13,NA
"804",2005,"NEW YORK",36,"MOLLUSKS","MOLLUSKS","ALL PRODUCTS","DOLLARS",NA,NA
"805",2005,"NEW YORK",36,"MOLLUSKS","CLAMS","ALL PRODUCTS","OPERATIONS",6,NA
"806",2005,"NEW YORK",36,"MOLLUSKS","CLAMS","ALL PRODUCTS","DOLLARS",NA,NA
"807",2005,"NEW YORK",36,"MOLLUSKS","HARD CLAMS","ALL PRODUCTS","OPERATIONS",6,NA
"808",2005,"NEW YORK",36,"MOLLUSKS","HARD CLAMS","ALL PRODUCTS","DOLLARS",NA,NA
"809",2005,"NEW YORK",36,"MOLLUSKS","HARD CLAMS","FOODSIZE","OPERATIONS",3,NA
"810",2005,"NEW YORK",36,"MOLLUSKS","HARD CLAMS","FOODSIZE","DOLLARS",NA,NA
"811",2005,"NEW YORK",36,"MOLLUSKS","HARD CLAMS","FOODSIZE","HEAD",NA,NA
"812",2005,"NEW YORK",36,"MOLLUSKS","HARD CLAMS","FOODSIZE","HEAD_PER_LB",NA,NA
"813",2005,"NEW YORK",36,"MOLLUSKS","HARD CLAMS","FOODSIZE","LB",NA,NA
"814",2005,"NEW YORK",36,"MOLLUSKS","HARD CLAMS","LARVAE & SEED","OPERATIONS",4,NA
"815",2005,"NEW YORK",36,"MOLLUSKS","HARD CLAMS","LARVAE & SEED","DOLLARS",79992,NA
"816",2005,"NEW YORK",36,"MOLLUSKS","OTHER SPECIES","ALL PRODUCTS","OPERATIONS",1,NA
"817",2005,"NEW YORK",36,"MOLLUSKS","OTHER SPECIES","ALL PRODUCTS","DOLLARS",NA,NA
"818",2005,"NEW YORK",36,"MOLLUSKS","OYSTERS","ALL PRODUCTS","OPERATIONS",13,NA
"819",2005,"NEW YORK",36,"MOLLUSKS","OYSTERS","ALL PRODUCTS","DOLLARS",3934350,NA
"820",2005,"NEW YORK",36,"MOLLUSKS","EASTERN OYSTERS","ALL PRODUCTS","OPERATIONS",13,NA
"821",2005,"NEW YORK",36,"MOLLUSKS","EASTERN OYSTERS","ALL PRODUCTS","DOLLARS",3934350,NA
"822",2005,"NEW YORK",36,"MOLLUSKS","EASTERN OYSTERS","FOODSIZE","OPERATIONS",11,NA
"823",2005,"NEW YORK",36,"MOLLUSKS","EASTERN OYSTERS","FOODSIZE","DOLLARS",NA,NA
"824",2005,"NEW YORK",36,"MOLLUSKS","EASTERN OYSTERS","FOODSIZE","HEAD",6664500,NA
"825",2005,"NEW YORK",36,"MOLLUSKS","EASTERN OYSTERS","FOODSIZE","HEAD_PER_LB",4,NA
"826",2005,"NEW YORK",36,"MOLLUSKS","EASTERN OYSTERS","FOODSIZE","LB",1581500,NA
"827",2005,"NEW YORK",36,"MOLLUSKS","EASTERN OYSTERS","LARVAE & SEED","OPERATIONS",4,NA
"828",2005,"NEW YORK",36,"MOLLUSKS","EASTERN OYSTERS","LARVAE & SEED","DOLLARS",NA,NA
"829",2005,"NEW YORK",36,"MOLLUSKS",NA,"RETAIL","PCT BY OUTLET",NA,NA
"830",2005,"NEW YORK",36,"MOLLUSKS",NA,"WHOLESALE","PCT BY OUTLET",NA,"DIRECT TO RETAILER"
"831",2005,"NEW YORK",36,"MOLLUSKS",NA,"WHOLESALE","PCT BY OUTLET",NA,"GOVT"
"832",2005,"NEW YORK",36,"MOLLUSKS",NA,"WHOLESALE","PCT BY OUTLET",96,"LIVE HAULERS & BROKERS"
"833",2005,"NEW YORK",36,"MOLLUSKS",NA,"WHOLESALE","PCT BY OUTLET",3,"OTHER PRODUCERS"
"834",2005,"NEW YORK",36,"MOLLUSKS",NA,"WHOLESALE","PCT BY OUTLET",1,"RECREATIONAL STOCKING"
"835",2005,"NORTH CAROLINA",37,"MOLLUSKS","MOLLUSKS","ALL PRODUCTS","OPERATIONS",56,NA
"836",2005,"NORTH CAROLINA",37,"MOLLUSKS","MOLLUSKS","ALL PRODUCTS","DOLLARS",761393,NA
"837",2005,"NORTH CAROLINA",37,"MOLLUSKS","CLAMS","ALL PRODUCTS","OPERATIONS",41,NA
"838",2005,"NORTH CAROLINA",37,"MOLLUSKS","CLAMS","ALL PRODUCTS","DOLLARS",545735,NA
"839",2005,"NORTH CAROLINA",37,"MOLLUSKS","HARD CLAMS","ALL PRODUCTS","OPERATIONS",41,NA
"840",2005,"NORTH CAROLINA",37,"MOLLUSKS","HARD CLAMS","ALL PRODUCTS","DOLLARS",545735,NA
"841",2005,"NORTH CAROLINA",37,"MOLLUSKS","HARD CLAMS","FOODSIZE","OPERATIONS",40,NA
"842",2005,"NORTH CAROLINA",37,"MOLLUSKS","HARD CLAMS","FOODSIZE","DOLLARS",NA,NA
"843",2005,"NORTH CAROLINA",37,"MOLLUSKS","HARD CLAMS","FOODSIZE","HEAD",6564874,NA
"844",2005,"NORTH CAROLINA",37,"MOLLUSKS","HARD CLAMS","FOODSIZE","HEAD_PER_LB",5,NA
"845",2005,"NORTH CAROLINA",37,"MOLLUSKS","HARD CLAMS","FOODSIZE","LB",1360571,NA
"846",2005,"NORTH CAROLINA",37,"MOLLUSKS","HARD CLAMS","LARVAE & SEED","OPERATIONS",1,NA
"847",2005,"NORTH CAROLINA",37,"MOLLUSKS","HARD CLAMS","LARVAE & SEED","DOLLARS",NA,NA
"848",2005,"NORTH CAROLINA",37,"MOLLUSKS","OYSTERS","ALL PRODUCTS","OPERATIONS",35,NA
"849",2005,"NORTH CAROLINA",37,"MOLLUSKS","OYSTERS","ALL PRODUCTS","DOLLARS",215658,NA
"850",2005,"NORTH CAROLINA",37,"MOLLUSKS","EASTERN OYSTERS","ALL PRODUCTS","OPERATIONS",35,NA
"851",2005,"NORTH CAROLINA",37,"MOLLUSKS","EASTERN OYSTERS","ALL PRODUCTS","DOLLARS",215658,NA
"852",2005,"NORTH CAROLINA",37,"MOLLUSKS","EASTERN OYSTERS","FOODSIZE","OPERATIONS",33,NA
"853",2005,"NORTH CAROLINA",37,"MOLLUSKS","EASTERN OYSTERS","FOODSIZE","DOLLARS",209808,NA
"854",2005,"NORTH CAROLINA",37,"MOLLUSKS","EASTERN OYSTERS","FOODSIZE","HEAD",1235770,NA
"855",2005,"NORTH CAROLINA",37,"MOLLUSKS","EASTERN OYSTERS","FOODSIZE","HEAD_PER_LB",3,NA
"856",2005,"NORTH CAROLINA",37,"MOLLUSKS","EASTERN OYSTERS","FOODSIZE","LB",396440,NA
"857",2005,"NORTH CAROLINA",37,"MOLLUSKS","EASTERN OYSTERS","LARVAE & SEED","OPERATIONS",3,NA
"858",2005,"NORTH CAROLINA",37,"MOLLUSKS","EASTERN OYSTERS","LARVAE & SEED","DOLLARS",5850,NA
"859",2005,"NORTH CAROLINA",37,"MOLLUSKS",NA,"RETAIL","PCT BY OUTLET",37,NA
"860",2005,"NORTH CAROLINA",37,"MOLLUSKS",NA,"WHOLESALE","PCT BY OUTLET",16,"DIRECT TO RETAILER"
"861",2005,"NORTH CAROLINA",37,"MOLLUSKS",NA,"WHOLESALE","PCT BY OUTLET",43,"LIVE HAULERS & BROKERS"
"862",2005,"NORTH CAROLINA",37,"MOLLUSKS",NA,"WHOLESALE","PCT BY OUTLET",4,"PROCESSOR"
"863",2005,"OREGON",41,"MOLLUSKS","MOLLUSKS","ALL PRODUCTS","OPERATIONS",21,NA
"864",2005,"OREGON",41,"MOLLUSKS","MOLLUSKS","ALL PRODUCTS","DOLLARS",11583759,NA
"865",2005,"OREGON",41,"MOLLUSKS","CLAMS","ALL PRODUCTS","OPERATIONS",1,NA
"866",2005,"OREGON",41,"MOLLUSKS","CLAMS","ALL PRODUCTS","DOLLARS",NA,NA
"867",2005,"OREGON",41,"MOLLUSKS","HARD CLAMS","ALL PRODUCTS","OPERATIONS",1,NA
"868",2005,"OREGON",41,"MOLLUSKS","HARD CLAMS","ALL PRODUCTS","DOLLARS",NA,NA
"869",2005,"OREGON",41,"MOLLUSKS","HARD CLAMS","LARVAE & SEED","OPERATIONS",1,NA
"870",2005,"OREGON",41,"MOLLUSKS","HARD CLAMS","LARVAE & SEED","DOLLARS",NA,NA
"871",2005,"OREGON",41,"MOLLUSKS","MUSSELS","ALL PRODUCTS","OPERATIONS",1,NA
"872",2005,"OREGON",41,"MOLLUSKS","MUSSELS","ALL PRODUCTS","DOLLARS",NA,NA
"873",2005,"OREGON",41,"MOLLUSKS","MUSSELS","LARVAE & SEED","OPERATIONS",1,NA
"874",2005,"OREGON",41,"MOLLUSKS","MUSSELS","LARVAE & SEED","DOLLARS",NA,NA
"875",2005,"OREGON",41,"MOLLUSKS","OYSTERS","ALL PRODUCTS","OPERATIONS",21,NA
"876",2005,"OREGON",41,"MOLLUSKS","OYSTERS","ALL PRODUCTS","DOLLARS",NA,NA
"877",2005,"OREGON",41,"MOLLUSKS","OTHER OYSTERS","ALL PRODUCTS","OPERATIONS",1,NA
"878",2005,"OREGON",41,"MOLLUSKS","OTHER OYSTERS","ALL PRODUCTS","DOLLARS",NA,NA
"879",2005,"OREGON",41,"MOLLUSKS","PACIFIC OYSTERS","ALL PRODUCTS","OPERATIONS",21,NA
"880",2005,"OREGON",41,"MOLLUSKS","PACIFIC OYSTERS","ALL PRODUCTS","DOLLARS",NA,NA
"881",2005,"OREGON",41,"MOLLUSKS","PACIFIC OYSTERS","FOODSIZE","OPERATIONS",20,NA
"882",2005,"OREGON",41,"MOLLUSKS","PACIFIC OYSTERS","FOODSIZE","DOLLARS",7780759,NA
"883",2005,"OREGON",41,"MOLLUSKS","PACIFIC OYSTERS","FOODSIZE","HEAD",22893030,NA
"884",2005,"OREGON",41,"MOLLUSKS","PACIFIC OYSTERS","FOODSIZE","HEAD_PER_LB",4,NA
"885",2005,"OREGON",41,"MOLLUSKS","PACIFIC OYSTERS","FOODSIZE","LB",5115094,NA
"886",2005,"OREGON",41,"MOLLUSKS","PACIFIC OYSTERS","LARVAE & SEED","OPERATIONS",1,NA
"887",2005,"OREGON",41,"MOLLUSKS","PACIFIC OYSTERS","LARVAE & SEED","DOLLARS",NA,NA
"888",2005,"OREGON",41,"MOLLUSKS",NA,"RETAIL","PCT BY OUTLET",NA,NA
"889",2005,"OREGON",41,"MOLLUSKS",NA,"WHOLESALE","PCT BY OUTLET",NA,"DIRECT TO RETAILER"
"890",2005,"OREGON",41,"MOLLUSKS",NA,"WHOLESALE","PCT BY OUTLET",40,"LIVE HAULERS & BROKERS"
"891",2005,"OREGON",41,"MOLLUSKS",NA,"WHOLESALE","PCT BY OUTLET",NA,"OTHER PRODUCERS"
"892",2005,"OREGON",41,"MOLLUSKS",NA,"WHOLESALE","PCT BY OUTLET",15,"PROCESSOR"
"893",2005,"PENNSYLVANIA",42,"MOLLUSKS","MOLLUSKS","ALL PRODUCTS","OPERATIONS",2,NA
"894",2005,"PENNSYLVANIA",42,"MOLLUSKS","MOLLUSKS","ALL PRODUCTS","DOLLARS",NA,NA
"895",2005,"PENNSYLVANIA",42,"MOLLUSKS","CLAMS","ALL PRODUCTS","OPERATIONS",1,NA
"896",2005,"PENNSYLVANIA",42,"MOLLUSKS","CLAMS","ALL PRODUCTS","DOLLARS",NA,NA
"897",2005,"PENNSYLVANIA",42,"MOLLUSKS","HARD CLAMS","ALL PRODUCTS","OPERATIONS",1,NA
"898",2005,"PENNSYLVANIA",42,"MOLLUSKS","HARD CLAMS","ALL PRODUCTS","DOLLARS",NA,NA
"899",2005,"PENNSYLVANIA",42,"MOLLUSKS","HARD CLAMS","FOODSIZE","OPERATIONS",1,NA
"900",2005,"PENNSYLVANIA",42,"MOLLUSKS","HARD CLAMS","FOODSIZE","DOLLARS",NA,NA
"901",2005,"PENNSYLVANIA",42,"MOLLUSKS","HARD CLAMS","FOODSIZE","HEAD",NA,NA
"902",2005,"PENNSYLVANIA",42,"MOLLUSKS","HARD CLAMS","FOODSIZE","HEAD_PER_LB",NA,NA
"903",2005,"PENNSYLVANIA",42,"MOLLUSKS","HARD CLAMS","FOODSIZE","LB",NA,NA
"904",2005,"PENNSYLVANIA",42,"MOLLUSKS","MUSSELS","ALL PRODUCTS","OPERATIONS",1,NA
"905",2005,"PENNSYLVANIA",42,"MOLLUSKS","MUSSELS","ALL PRODUCTS","DOLLARS",NA,NA
"906",2005,"PENNSYLVANIA",42,"MOLLUSKS","MUSSELS","LARVAE & SEED","OPERATIONS",1,NA
"907",2005,"PENNSYLVANIA",42,"MOLLUSKS","MUSSELS","LARVAE & SEED","DOLLARS",NA,NA
"908",2005,"PENNSYLVANIA",42,"MOLLUSKS",NA,"RETAIL","PCT BY OUTLET",100,NA
"909",2005,"RHODE ISLAND",44,"MOLLUSKS","MOLLUSKS","ALL PRODUCTS","OPERATIONS",11,NA
"910",2005,"RHODE ISLAND",44,"MOLLUSKS","MOLLUSKS","ALL PRODUCTS","DOLLARS",NA,NA
"911",2005,"RHODE ISLAND",44,"MOLLUSKS","CLAMS","ALL PRODUCTS","OPERATIONS",4,NA
"912",2005,"RHODE ISLAND",44,"MOLLUSKS","CLAMS","ALL PRODUCTS","DOLLARS",22160,NA
"913",2005,"RHODE ISLAND",44,"MOLLUSKS","OTHER CLAMS","ALL PRODUCTS","OPERATIONS",1,NA
"914",2005,"RHODE ISLAND",44,"MOLLUSKS","OTHER CLAMS","ALL PRODUCTS","DOLLARS",NA,NA
"915",2005,"RHODE ISLAND",44,"MOLLUSKS","HARD CLAMS","ALL PRODUCTS","OPERATIONS",3,NA
"916",2005,"RHODE ISLAND",44,"MOLLUSKS","HARD CLAMS","ALL PRODUCTS","DOLLARS",NA,NA
"917",2005,"RHODE ISLAND",44,"MOLLUSKS","HARD CLAMS","FOODSIZE","OPERATIONS",2,NA
"918",2005,"RHODE ISLAND",44,"MOLLUSKS","HARD CLAMS","FOODSIZE","DOLLARS",NA,NA
"919",2005,"RHODE ISLAND",44,"MOLLUSKS","HARD CLAMS","FOODSIZE","HEAD",NA,NA
"920",2005,"RHODE ISLAND",44,"MOLLUSKS","HARD CLAMS","FOODSIZE","HEAD_PER_LB",NA,NA
"921",2005,"RHODE ISLAND",44,"MOLLUSKS","HARD CLAMS","FOODSIZE","LB",NA,NA
"922",2005,"RHODE ISLAND",44,"MOLLUSKS","HARD CLAMS","LARVAE & SEED","OPERATIONS",1,NA
"923",2005,"RHODE ISLAND",44,"MOLLUSKS","HARD CLAMS","LARVAE & SEED","DOLLARS",NA,NA
"924",2005,"RHODE ISLAND",44,"MOLLUSKS","MUSSELS","ALL PRODUCTS","OPERATIONS",1,NA
"925",2005,"RHODE ISLAND",44,"MOLLUSKS","MUSSELS","ALL PRODUCTS","DOLLARS",NA,NA
"926",2005,"RHODE ISLAND",44,"MOLLUSKS","MUSSELS","FOODSIZE","OPERATIONS",1,NA
"927",2005,"RHODE ISLAND",44,"MOLLUSKS","MUSSELS","FOODSIZE","DOLLARS",NA,NA
"928",2005,"RHODE ISLAND",44,"MOLLUSKS","MUSSELS","FOODSIZE","HEAD",NA,NA
"929",2005,"RHODE ISLAND",44,"MOLLUSKS","MUSSELS","FOODSIZE","HEAD_PER_LB",NA,NA
"930",2005,"RHODE ISLAND",44,"MOLLUSKS","MUSSELS","FOODSIZE","LB",NA,NA
"931",2005,"RHODE ISLAND",44,"MOLLUSKS","OTHER SPECIES","ALL PRODUCTS","OPERATIONS",2,NA
"932",2005,"RHODE ISLAND",44,"MOLLUSKS","OTHER SPECIES","ALL PRODUCTS","DOLLARS",NA,NA
"933",2005,"RHODE ISLAND",44,"MOLLUSKS","OYSTERS","ALL PRODUCTS","OPERATIONS",10,NA
"934",2005,"RHODE ISLAND",44,"MOLLUSKS","OYSTERS","ALL PRODUCTS","DOLLARS",792838,NA
"935",2005,"RHODE ISLAND",44,"MOLLUSKS","EASTERN OYSTERS","ALL PRODUCTS","OPERATIONS",10,NA
"936",2005,"RHODE ISLAND",44,"MOLLUSKS","EASTERN OYSTERS","ALL PRODUCTS","DOLLARS",792838,NA
"937",2005,"RHODE ISLAND",44,"MOLLUSKS","EASTERN OYSTERS","FOODSIZE","OPERATIONS",10,NA
"938",2005,"RHODE ISLAND",44,"MOLLUSKS","EASTERN OYSTERS","FOODSIZE","DOLLARS",NA,NA
"939",2005,"RHODE ISLAND",44,"MOLLUSKS","EASTERN OYSTERS","FOODSIZE","HEAD",1534437,NA
"940",2005,"RHODE ISLAND",44,"MOLLUSKS","EASTERN OYSTERS","FOODSIZE","HEAD_PER_LB",4,NA
"941",2005,"RHODE ISLAND",44,"MOLLUSKS","EASTERN OYSTERS","FOODSIZE","LB",348233,NA
"942",2005,"RHODE ISLAND",44,"MOLLUSKS","EASTERN OYSTERS","LARVAE & SEED","OPERATIONS",1,NA
"943",2005,"RHODE ISLAND",44,"MOLLUSKS","EASTERN OYSTERS","LARVAE & SEED","DOLLARS",NA,NA
"944",2005,"RHODE ISLAND",44,"MOLLUSKS",NA,"WHOLESALE","PCT BY OUTLET",23,"DIRECT TO RETAILER"
"945",2005,"RHODE ISLAND",44,"MOLLUSKS",NA,"WHOLESALE","PCT BY OUTLET",1,"GOVT"
"946",2005,"RHODE ISLAND",44,"MOLLUSKS",NA,"WHOLESALE","PCT BY OUTLET",58,"LIVE HAULERS & BROKERS"
"947",2005,"RHODE ISLAND",44,"MOLLUSKS",NA,"WHOLESALE","PCT BY OUTLET",18,"PROCESSOR"
"948",2005,"SOUTH CAROLINA",45,"MOLLUSKS","MOLLUSKS","ALL PRODUCTS","OPERATIONS",35,NA
"949",2005,"SOUTH CAROLINA",45,"MOLLUSKS","MOLLUSKS","ALL PRODUCTS","DOLLARS",2504549,NA
"950",2005,"SOUTH CAROLINA",45,"MOLLUSKS","CLAMS","ALL PRODUCTS","OPERATIONS",22,NA
"951",2005,"SOUTH CAROLINA",45,"MOLLUSKS","CLAMS","ALL PRODUCTS","DOLLARS",2064049,NA
"952",2005,"SOUTH CAROLINA",45,"MOLLUSKS","HARD CLAMS","ALL PRODUCTS","OPERATIONS",22,NA
"953",2005,"SOUTH CAROLINA",45,"MOLLUSKS","HARD CLAMS","ALL PRODUCTS","DOLLARS",2064049,NA
"954",2005,"SOUTH CAROLINA",45,"MOLLUSKS","HARD CLAMS","FOODSIZE","OPERATIONS",21,NA
"955",2005,"SOUTH CAROLINA",45,"MOLLUSKS","HARD CLAMS","FOODSIZE","DOLLARS",1372049,NA
"956",2005,"SOUTH CAROLINA",45,"MOLLUSKS","HARD CLAMS","FOODSIZE","HEAD",11644632,NA
"957",2005,"SOUTH CAROLINA",45,"MOLLUSKS","HARD CLAMS","FOODSIZE","HEAD_PER_LB",8,NA
"958",2005,"SOUTH CAROLINA",45,"MOLLUSKS","HARD CLAMS","FOODSIZE","LB",1424328,NA
"959",2005,"SOUTH CAROLINA",45,"MOLLUSKS","HARD CLAMS","LARVAE & SEED","OPERATIONS",3,NA
"960",2005,"SOUTH CAROLINA",45,"MOLLUSKS","HARD CLAMS","LARVAE & SEED","DOLLARS",692000,NA
"961",2005,"SOUTH CAROLINA",45,"MOLLUSKS","OYSTERS","ALL PRODUCTS","OPERATIONS",21,NA
"962",2005,"SOUTH CAROLINA",45,"MOLLUSKS","OYSTERS","ALL PRODUCTS","DOLLARS",440500,NA
"963",2005,"SOUTH CAROLINA",45,"MOLLUSKS","EASTERN OYSTERS","ALL PRODUCTS","OPERATIONS",21,NA
"964",2005,"SOUTH CAROLINA",45,"MOLLUSKS","EASTERN OYSTERS","ALL PRODUCTS","DOLLARS",440500,NA
"965",2005,"SOUTH CAROLINA",45,"MOLLUSKS","EASTERN OYSTERS","FOODSIZE","OPERATIONS",21,NA
"966",2005,"SOUTH CAROLINA",45,"MOLLUSKS","EASTERN OYSTERS","FOODSIZE","DOLLARS",440500,NA
"967",2005,"SOUTH CAROLINA",45,"MOLLUSKS","EASTERN OYSTERS","FOODSIZE","HEAD",3897450,NA
"968",2005,"SOUTH CAROLINA",45,"MOLLUSKS","EASTERN OYSTERS","FOODSIZE","HEAD_PER_LB",3,NA
"969",2005,"SOUTH CAROLINA",45,"MOLLUSKS","EASTERN OYSTERS","FOODSIZE","LB",1349790,NA
"970",2005,"SOUTH CAROLINA",45,"MOLLUSKS",NA,"RETAIL","PCT BY OUTLET",NA,NA
"971",2005,"SOUTH CAROLINA",45,"MOLLUSKS",NA,"WHOLESALE","PCT BY OUTLET",22,"DIRECT TO RETAILER"
"972",2005,"SOUTH CAROLINA",45,"MOLLUSKS",NA,"WHOLESALE","PCT BY OUTLET",35,"LIVE HAULERS & BROKERS"
"973",2005,"SOUTH CAROLINA",45,"MOLLUSKS",NA,"WHOLESALE","PCT BY OUTLET",NA,"OTHER OUTLETS"
"974",2005,"SOUTH CAROLINA",45,"MOLLUSKS",NA,"WHOLESALE","PCT BY OUTLET",NA,"OTHER PRODUCERS"
"975",2005,"SOUTH CAROLINA",45,"MOLLUSKS",NA,"WHOLESALE","PCT BY OUTLET",18,"PROCESSOR"
"976",2005,"VIRGINIA",51,"MOLLUSKS","MOLLUSKS","ALL PRODUCTS","OPERATIONS",53,NA
"977",2005,"VIRGINIA",51,"MOLLUSKS","MOLLUSKS","ALL PRODUCTS","DOLLARS",29027514,NA
"978",2005,"VIRGINIA",51,"MOLLUSKS","CLAMS","ALL PRODUCTS","OPERATIONS",42,NA
"979",2005,"VIRGINIA",51,"MOLLUSKS","CLAMS","ALL PRODUCTS","DOLLARS",27773082,NA
"980",2005,"VIRGINIA",51,"MOLLUSKS","OTHER CLAMS","ALL PRODUCTS","OPERATIONS",1,NA
"981",2005,"VIRGINIA",51,"MOLLUSKS","OTHER CLAMS","ALL PRODUCTS","DOLLARS",NA,NA
"982",2005,"VIRGINIA",51,"MOLLUSKS","HARD CLAMS","ALL PRODUCTS","OPERATIONS",41,NA
"983",2005,"VIRGINIA",51,"MOLLUSKS","HARD CLAMS","ALL PRODUCTS","DOLLARS",NA,NA
"984",2005,"VIRGINIA",51,"MOLLUSKS","HARD CLAMS","FOODSIZE","OPERATIONS",38,NA
"985",2005,"VIRGINIA",51,"MOLLUSKS","HARD CLAMS","FOODSIZE","DOLLARS",26285082,NA
"986",2005,"VIRGINIA",51,"MOLLUSKS","HARD CLAMS","FOODSIZE","HEAD",170342509,NA
"987",2005,"VIRGINIA",51,"MOLLUSKS","HARD CLAMS","FOODSIZE","HEAD_PER_LB",4,NA
"988",2005,"VIRGINIA",51,"MOLLUSKS","HARD CLAMS","FOODSIZE","LB",44791351,NA
"989",2005,"VIRGINIA",51,"MOLLUSKS","HARD CLAMS","LARVAE & SEED","OPERATIONS",5,NA
"990",2005,"VIRGINIA",51,"MOLLUSKS","HARD CLAMS","LARVAE & SEED","DOLLARS",NA,NA
"991",2005,"VIRGINIA",51,"MOLLUSKS","OTHER SPECIES","ALL PRODUCTS","OPERATIONS",2,NA
"992",2005,"VIRGINIA",51,"MOLLUSKS","OTHER SPECIES","ALL PRODUCTS","DOLLARS",NA,NA
"993",2005,"VIRGINIA",51,"MOLLUSKS","OYSTERS","ALL PRODUCTS","OPERATIONS",18,NA
"994",2005,"VIRGINIA",51,"MOLLUSKS","OYSTERS","ALL PRODUCTS","DOLLARS",NA,NA
"995",2005,"VIRGINIA",51,"MOLLUSKS","EASTERN OYSTERS","ALL PRODUCTS","OPERATIONS",18,NA
"996",2005,"VIRGINIA",51,"MOLLUSKS","EASTERN OYSTERS","ALL PRODUCTS","DOLLARS",NA,NA
"997",2005,"VIRGINIA",51,"MOLLUSKS","EASTERN OYSTERS","FOODSIZE","OPERATIONS",15,NA
"998",2005,"VIRGINIA",51,"MOLLUSKS","EASTERN OYSTERS","FOODSIZE","DOLLARS",NA,NA
"999",2005,"VIRGINIA",51,"MOLLUSKS","EASTERN OYSTERS","FOODSIZE","HEAD",2875067,NA
"1000",2005,"VIRGINIA",51,"MOLLUSKS","EASTERN OYSTERS","FOODSIZE","HEAD_PER_LB",3,NA
"1001",2005,"VIRGINIA",51,"MOLLUSKS","EASTERN OYSTERS","FOODSIZE","LB",1132430,NA
"1002",2005,"VIRGINIA",51,"MOLLUSKS","EASTERN OYSTERS","LARVAE & SEED","OPERATIONS",6,NA
"1003",2005,"VIRGINIA",51,"MOLLUSKS","EASTERN OYSTERS","LARVAE & SEED","DOLLARS",740560,NA
"1004",2005,"VIRGINIA",51,"MOLLUSKS",NA,"RETAIL","PCT BY OUTLET",2,NA
"1005",2005,"VIRGINIA",51,"MOLLUSKS",NA,"WHOLESALE","PCT BY OUTLET",3,"DIRECT TO RETAILER"
"1006",2005,"VIRGINIA",51,"MOLLUSKS",NA,"WHOLESALE","PCT BY OUTLET",NA,"GOVT"
"1007",2005,"VIRGINIA",51,"MOLLUSKS",NA,"WHOLESALE","PCT BY OUTLET",84,"LIVE HAULERS & BROKERS"
"1008",2005,"VIRGINIA",51,"MOLLUSKS",NA,"WHOLESALE","PCT BY OUTLET",NA,"OTHER OUTLETS"
"1009",2005,"VIRGINIA",51,"MOLLUSKS",NA,"WHOLESALE","PCT BY OUTLET",2,"OTHER PRODUCERS"
"1010",2005,"VIRGINIA",51,"MOLLUSKS",NA,"WHOLESALE","PCT BY OUTLET",NA,"PROCESSOR"
"1011",2005,"WASHINGTON",53,"MOLLUSKS","MOLLUSKS","ALL PRODUCTS","OPERATIONS",174,NA
"1012",2005,"WASHINGTON",53,"MOLLUSKS","MOLLUSKS","ALL PRODUCTS","DOLLARS",63709554,NA
"1013",2005,"WASHINGTON",53,"MOLLUSKS","CLAMS","ALL PRODUCTS","OPERATIONS",110,NA
"1014",2005,"WASHINGTON",53,"MOLLUSKS","CLAMS","ALL PRODUCTS","DOLLARS",22018464,NA
"1015",2005,"WASHINGTON",53,"MOLLUSKS","OTHER CLAMS","ALL PRODUCTS","OPERATIONS",13,NA
"1016",2005,"WASHINGTON",53,"MOLLUSKS","OTHER CLAMS","ALL PRODUCTS","DOLLARS",4499540,NA
"1017",2005,"WASHINGTON",53,"MOLLUSKS","HARD CLAMS","ALL PRODUCTS","OPERATIONS",8,NA
"1018",2005,"WASHINGTON",53,"MOLLUSKS","HARD CLAMS","ALL PRODUCTS","DOLLARS",57930,NA
"1019",2005,"WASHINGTON",53,"MOLLUSKS","HARD CLAMS","FOODSIZE","OPERATIONS",8,NA
"1020",2005,"WASHINGTON",53,"MOLLUSKS","HARD CLAMS","FOODSIZE","DOLLARS",57930,NA
"1021",2005,"WASHINGTON",53,"MOLLUSKS","HARD CLAMS","FOODSIZE","HEAD",618444,NA
"1022",2005,"WASHINGTON",53,"MOLLUSKS","HARD CLAMS","FOODSIZE","HEAD_PER_LB",10,NA
"1023",2005,"WASHINGTON",53,"MOLLUSKS","HARD CLAMS","FOODSIZE","LB",62605,NA
"1024",2005,"WASHINGTON",53,"MOLLUSKS","MANILA CLAMS","ALL PRODUCTS","OPERATIONS",101,NA
"1025",2005,"WASHINGTON",53,"MOLLUSKS","MANILA CLAMS","ALL PRODUCTS","DOLLARS",17460994,NA
"1026",2005,"WASHINGTON",53,"MOLLUSKS","MANILA CLAMS","BROODSTOCK","OPERATIONS",1,NA
"1027",2005,"WASHINGTON",53,"MOLLUSKS","MANILA CLAMS","BROODSTOCK","DOLLARS",NA,NA
"1028",2005,"WASHINGTON",53,"MOLLUSKS","MANILA CLAMS","BROODSTOCK","HEAD",NA,NA
"1029",2005,"WASHINGTON",53,"MOLLUSKS","MANILA CLAMS","FOODSIZE","OPERATIONS",100,NA
"1030",2005,"WASHINGTON",53,"MOLLUSKS","MANILA CLAMS","FOODSIZE","DOLLARS",NA,NA
"1031",2005,"WASHINGTON",53,"MOLLUSKS","MANILA CLAMS","FOODSIZE","HEAD",NA,NA
"1032",2005,"WASHINGTON",53,"MOLLUSKS","MANILA CLAMS","FOODSIZE","HEAD_PER_LB",NA,NA
"1033",2005,"WASHINGTON",53,"MOLLUSKS","MANILA CLAMS","FOODSIZE","LB",NA,NA
"1034",2005,"WASHINGTON",53,"MOLLUSKS","MANILA CLAMS","LARVAE & SEED","OPERATIONS",3,NA
"1035",2005,"WASHINGTON",53,"MOLLUSKS","MANILA CLAMS","LARVAE & SEED","DOLLARS",NA,NA
"1036",2005,"WASHINGTON",53,"MOLLUSKS","MUSSELS","ALL PRODUCTS","OPERATIONS",9,NA
"1037",2005,"WASHINGTON",53,"MOLLUSKS","MUSSELS","ALL PRODUCTS","DOLLARS",NA,NA
"1038",2005,"WASHINGTON",53,"MOLLUSKS","MUSSELS","FOODSIZE","OPERATIONS",8,NA
"1039",2005,"WASHINGTON",53,"MOLLUSKS","MUSSELS","FOODSIZE","DOLLARS",3334982,NA
"1040",2005,"WASHINGTON",53,"MOLLUSKS","MUSSELS","FOODSIZE","HEAD",47501380,NA
"1041",2005,"WASHINGTON",53,"MOLLUSKS","MUSSELS","FOODSIZE","HEAD_PER_LB",20,NA
"1042",2005,"WASHINGTON",53,"MOLLUSKS","MUSSELS","FOODSIZE","LB",2407849,NA
"1043",2005,"WASHINGTON",53,"MOLLUSKS","MUSSELS","LARVAE & SEED","OPERATIONS",1,NA
"1044",2005,"WASHINGTON",53,"MOLLUSKS","MUSSELS","LARVAE & SEED","DOLLARS",NA,NA
"1045",2005,"WASHINGTON",53,"MOLLUSKS","OTHER SPECIES","ALL PRODUCTS","OPERATIONS",1,NA
"1046",2005,"WASHINGTON",53,"MOLLUSKS","OTHER SPECIES","ALL PRODUCTS","DOLLARS",NA,NA
"1047",2005,"WASHINGTON",53,"MOLLUSKS","OYSTERS","ALL PRODUCTS","OPERATIONS",137,NA
"1048",2005,"WASHINGTON",53,"MOLLUSKS","OYSTERS","ALL PRODUCTS","DOLLARS",38260108,NA
"1049",2005,"WASHINGTON",53,"MOLLUSKS","OTHER OYSTERS","ALL PRODUCTS","OPERATIONS",15,NA
"1050",2005,"WASHINGTON",53,"MOLLUSKS","OTHER OYSTERS","ALL PRODUCTS","DOLLARS",2817682,NA
"1051",2005,"WASHINGTON",53,"MOLLUSKS","EASTERN OYSTERS","ALL PRODUCTS","OPERATIONS",7,NA
"1052",2005,"WASHINGTON",53,"MOLLUSKS","EASTERN OYSTERS","ALL PRODUCTS","DOLLARS",163511,NA
"1053",2005,"WASHINGTON",53,"MOLLUSKS","EASTERN OYSTERS","FOODSIZE","OPERATIONS",6,NA
"1054",2005,"WASHINGTON",53,"MOLLUSKS","EASTERN OYSTERS","FOODSIZE","DOLLARS",NA,NA
"1055",2005,"WASHINGTON",53,"MOLLUSKS","EASTERN OYSTERS","FOODSIZE","HEAD",NA,NA
"1056",2005,"WASHINGTON",53,"MOLLUSKS","EASTERN OYSTERS","FOODSIZE","HEAD_PER_LB",NA,NA
"1057",2005,"WASHINGTON",53,"MOLLUSKS","EASTERN OYSTERS","FOODSIZE","LB",NA,NA
"1058",2005,"WASHINGTON",53,"MOLLUSKS","EASTERN OYSTERS","LARVAE & SEED","OPERATIONS",1,NA
"1059",2005,"WASHINGTON",53,"MOLLUSKS","EASTERN OYSTERS","LARVAE & SEED","DOLLARS",NA,NA
"1060",2005,"WASHINGTON",53,"MOLLUSKS","PACIFIC OYSTERS","ALL PRODUCTS","OPERATIONS",135,NA
"1061",2005,"WASHINGTON",53,"MOLLUSKS","PACIFIC OYSTERS","ALL PRODUCTS","DOLLARS",35278915,NA
"1062",2005,"WASHINGTON",53,"MOLLUSKS","PACIFIC OYSTERS","FOODSIZE","OPERATIONS",132,NA
"1063",2005,"WASHINGTON",53,"MOLLUSKS","PACIFIC OYSTERS","FOODSIZE","DOLLARS",34115475,NA
"1064",2005,"WASHINGTON",53,"MOLLUSKS","PACIFIC OYSTERS","FOODSIZE","HEAD",183214525,NA
"1065",2005,"WASHINGTON",53,"MOLLUSKS","PACIFIC OYSTERS","FOODSIZE","HEAD_PER_LB",5,NA
"1066",2005,"WASHINGTON",53,"MOLLUSKS","PACIFIC OYSTERS","FOODSIZE","LB",37667377,NA
"1067",2005,"WASHINGTON",53,"MOLLUSKS","PACIFIC OYSTERS","LARVAE & SEED","OPERATIONS",6,NA
"1068",2005,"WASHINGTON",53,"MOLLUSKS","PACIFIC OYSTERS","LARVAE & SEED","DOLLARS",1163440,NA
"1069",2005,"WASHINGTON",53,"MOLLUSKS",NA,"RETAIL","PCT BY OUTLET",1,NA
"1070",2005,"WASHINGTON",53,"MOLLUSKS",NA,"WHOLESALE","PCT BY OUTLET",5,"DIRECT TO RETAILER"
"1071",2005,"WASHINGTON",53,"MOLLUSKS",NA,"WHOLESALE","PCT BY OUTLET",82,"LIVE HAULERS & BROKERS"
"1072",2005,"WASHINGTON",53,"MOLLUSKS",NA,"WHOLESALE","PCT BY OUTLET",NA,"OTHER OUTLETS"
"1073",2005,"WASHINGTON",53,"MOLLUSKS",NA,"WHOLESALE","PCT BY OUTLET",NA,"OTHER PRODUCERS"
"1074",2005,"WASHINGTON",53,"MOLLUSKS",NA,"WHOLESALE","PCT BY OUTLET",11,"PROCESSOR"
"1075",2005,"WASHINGTON",53,"MOLLUSKS",NA,"WHOLESALE","PCT BY OUTLET",NA,"RECREATIONAL STOCKING"
"1076",1998,"US",0,"MOLLUSKS","MOLLUSKS","ALL PRODUCTS","OPERATIONS",535,NA
"1077",1998,"US",0,"MOLLUSKS","MOLLUSKS","ALL PRODUCTS","DOLLARS",89127525,NA
"1078",1998,"US",0,"MOLLUSKS","MOLLUSKS","ALL PRODUCTS","DOLLARS_PER_OPERATION",166594,NA
"1079",1998,"US",0,"MOLLUSKS","MOLLUSKS","ALL PRODUCTS","PCT BT SIZE GROUP",100,NA
"1080",1998,"US",0,"MOLLUSKS","CLAMS","ALL PRODUCTS","OPERATIONS",360,NA
"1081",1998,"US",0,"MOLLUSKS","CLAMS","ALL PRODUCTS","DOLLARS",50076191,NA
"1082",1998,"US",0,"MOLLUSKS","MUSSELS","ALL PRODUCTS","OPERATIONS",29,NA
"1083",1998,"US",0,"MOLLUSKS","MUSSELS","ALL PRODUCTS","DOLLARS",3180357,NA
"1084",1998,"US",0,"MOLLUSKS","OYSTERS","ALL PRODUCTS","OPERATIONS",172,NA
"1085",1998,"US",0,"MOLLUSKS","OYSTERS","ALL PRODUCTS","DOLLARS",27011860,NA
"1086",1998,"ALABAMA",1,"MOLLUSKS","MOLLUSKS","ALL PRODUCTS","OPERATIONS",1,NA
"1087",1998,"ALABAMA",1,"MOLLUSKS","MOLLUSKS","ALL PRODUCTS","DOLLARS",NA,NA
"1088",1998,"ALABAMA",1,"MOLLUSKS","OYSTERS","ALL PRODUCTS","OPERATIONS",1,NA
"1089",1998,"ALABAMA",1,"MOLLUSKS","OYSTERS","ALL PRODUCTS","DOLLARS",NA,NA
"1090",1998,"ALASKA",2,"MOLLUSKS","MOLLUSKS","ALL PRODUCTS","OPERATIONS",20,NA
"1091",1998,"ALASKA",2,"MOLLUSKS","MOLLUSKS","ALL PRODUCTS","DOLLARS",NA,NA
"1092",1998,"ALASKA",2,"MOLLUSKS","CLAMS","ALL PRODUCTS","OPERATIONS",2,NA
"1093",1998,"ALASKA",2,"MOLLUSKS","CLAMS","ALL PRODUCTS","DOLLARS",NA,NA
"1094",1998,"ALASKA",2,"MOLLUSKS","MUSSELS","ALL PRODUCTS","OPERATIONS",4,NA
"1095",1998,"ALASKA",2,"MOLLUSKS","MUSSELS","ALL PRODUCTS","DOLLARS",NA,NA
"1096",1998,"ALASKA",2,"MOLLUSKS","OYSTERS","ALL PRODUCTS","OPERATIONS",20,NA
"1097",1998,"ALASKA",2,"MOLLUSKS","OYSTERS","ALL PRODUCTS","DOLLARS",280114,NA
"1098",1998,"CALIFORNIA",6,"MOLLUSKS","MOLLUSKS","ALL PRODUCTS","OPERATIONS",14,NA
"1099",1998,"CALIFORNIA",6,"MOLLUSKS","MOLLUSKS","ALL PRODUCTS","DOLLARS",4709919,NA
"1100",1998,"CALIFORNIA",6,"MOLLUSKS","CLAMS","ALL PRODUCTS","OPERATIONS",1,NA
"1101",1998,"CALIFORNIA",6,"MOLLUSKS","CLAMS","ALL PRODUCTS","DOLLARS",NA,NA
"1102",1998,"CALIFORNIA",6,"MOLLUSKS","MUSSELS","ALL PRODUCTS","OPERATIONS",3,NA
"1103",1998,"CALIFORNIA",6,"MOLLUSKS","MUSSELS","ALL PRODUCTS","DOLLARS",NA,NA
"1104",1998,"CALIFORNIA",6,"MOLLUSKS","OYSTERS","ALL PRODUCTS","OPERATIONS",6,NA
"1105",1998,"CALIFORNIA",6,"MOLLUSKS","OYSTERS","ALL PRODUCTS","DOLLARS",1294821,NA
"1106",1998,"CONNECTICUT",9,"MOLLUSKS","MOLLUSKS","ALL PRODUCTS","OPERATIONS",15,NA
"1107",1998,"CONNECTICUT",9,"MOLLUSKS","MOLLUSKS","ALL PRODUCTS","DOLLARS",17422528,NA
"1108",1998,"CONNECTICUT",9,"MOLLUSKS","CLAMS","ALL PRODUCTS","OPERATIONS",15,NA
"1109",1998,"CONNECTICUT",9,"MOLLUSKS","CLAMS","ALL PRODUCTS","DOLLARS",NA,NA
"1110",1998,"CONNECTICUT",9,"MOLLUSKS","OYSTERS","ALL PRODUCTS","OPERATIONS",7,NA
"1111",1998,"CONNECTICUT",9,"MOLLUSKS","OYSTERS","ALL PRODUCTS","DOLLARS",NA,NA
"1112",1998,"FLORIDA",12,"MOLLUSKS","MOLLUSKS","ALL PRODUCTS","OPERATIONS",221,NA
"1113",1998,"FLORIDA",12,"MOLLUSKS","MOLLUSKS","ALL PRODUCTS","DOLLARS",11227892,NA
"1114",1998,"FLORIDA",12,"MOLLUSKS","CLAMS","ALL PRODUCTS","OPERATIONS",206,NA
"1115",1998,"FLORIDA",12,"MOLLUSKS","CLAMS","ALL PRODUCTS","DOLLARS",9540611,NA
"1116",1998,"FLORIDA",12,"MOLLUSKS","MUSSELS","ALL PRODUCTS","OPERATIONS",1,NA
"1117",1998,"FLORIDA",12,"MOLLUSKS","MUSSELS","ALL PRODUCTS","DOLLARS",NA,NA
"1118",1998,"FLORIDA",12,"MOLLUSKS","OYSTERS","ALL PRODUCTS","OPERATIONS",5,NA
"1119",1998,"FLORIDA",12,"MOLLUSKS","OYSTERS","ALL PRODUCTS","DOLLARS",NA,NA
"1120",1998,"HAWAII",15,"MOLLUSKS","MOLLUSKS","ALL PRODUCTS","OPERATIONS",5,NA
"1121",1998,"HAWAII",15,"MOLLUSKS","MOLLUSKS","ALL PRODUCTS","DOLLARS",NA,NA
"1122",1998,"IDAHO",16,"MOLLUSKS","MOLLUSKS","ALL PRODUCTS","OPERATIONS",1,NA
"1123",1998,"IDAHO",16,"MOLLUSKS","MOLLUSKS","ALL PRODUCTS","DOLLARS",NA,NA
"1124",1998,"INDIANA",18,"MOLLUSKS","MOLLUSKS","ALL PRODUCTS","OPERATIONS",2,NA
"1125",1998,"INDIANA",18,"MOLLUSKS","MOLLUSKS","ALL PRODUCTS","DOLLARS",NA,NA
"1126",1998,"MAINE",23,"MOLLUSKS","MOLLUSKS","ALL PRODUCTS","OPERATIONS",15,NA
"1127",1998,"MAINE",23,"MOLLUSKS","MOLLUSKS","ALL PRODUCTS","DOLLARS",1459000,NA
"1128",1998,"MAINE",23,"MOLLUSKS","CLAMS","ALL PRODUCTS","OPERATIONS",1,NA
"1129",1998,"MAINE",23,"MOLLUSKS","CLAMS","ALL PRODUCTS","DOLLARS",NA,NA
"1130",1998,"MAINE",23,"MOLLUSKS","MUSSELS","ALL PRODUCTS","OPERATIONS",6,NA
"1131",1998,"MAINE",23,"MOLLUSKS","MUSSELS","ALL PRODUCTS","DOLLARS",NA,NA
"1132",1998,"MAINE",23,"MOLLUSKS","OYSTERS","ALL PRODUCTS","OPERATIONS",8,NA
"1133",1998,"MAINE",23,"MOLLUSKS","OYSTERS","ALL PRODUCTS","DOLLARS",588200,NA
"1134",1998,"MARYLAND",24,"MOLLUSKS","MOLLUSKS","ALL PRODUCTS","OPERATIONS",5,NA
"1135",1998,"MARYLAND",24,"MOLLUSKS","MOLLUSKS","ALL PRODUCTS","DOLLARS",87400,NA
"1136",1998,"MARYLAND",24,"MOLLUSKS","OYSTERS","ALL PRODUCTS","OPERATIONS",4,NA
"1137",1998,"MARYLAND",24,"MOLLUSKS","OYSTERS","ALL PRODUCTS","DOLLARS",NA,NA
"1138",1998,"MASSACHUSETTS",25,"MOLLUSKS","MOLLUSKS","ALL PRODUCTS","OPERATIONS",94,NA
"1139",1998,"MASSACHUSETTS",25,"MOLLUSKS","MOLLUSKS","ALL PRODUCTS","DOLLARS",3924148,NA
"1140",1998,"MASSACHUSETTS",25,"MOLLUSKS","CLAMS","ALL PRODUCTS","OPERATIONS",44,NA
"1141",1998,"MASSACHUSETTS",25,"MOLLUSKS","CLAMS","ALL PRODUCTS","DOLLARS",1336930,NA
"1142",1998,"MASSACHUSETTS",25,"MOLLUSKS","MUSSELS","ALL PRODUCTS","OPERATIONS",3,NA
"1143",1998,"MASSACHUSETTS",25,"MOLLUSKS","MUSSELS","ALL PRODUCTS","DOLLARS",NA,NA
"1144",1998,"MASSACHUSETTS",25,"MOLLUSKS","OYSTERS","ALL PRODUCTS","OPERATIONS",46,NA
"1145",1998,"MASSACHUSETTS",25,"MOLLUSKS","OYSTERS","ALL PRODUCTS","DOLLARS",1142122,NA
"1146",1998,"NEW JERSEY",34,"MOLLUSKS","MOLLUSKS","ALL PRODUCTS","OPERATIONS",16,NA
"1147",1998,"NEW JERSEY",34,"MOLLUSKS","MOLLUSKS","ALL PRODUCTS","DOLLARS",3133940,NA
"1148",1998,"NEW JERSEY",34,"MOLLUSKS","CLAMS","ALL PRODUCTS","OPERATIONS",14,NA
"1149",1998,"NEW JERSEY",34,"MOLLUSKS","CLAMS","ALL PRODUCTS","DOLLARS",1573540,NA
"1150",1998,"NEW JERSEY",34,"MOLLUSKS","MUSSELS","ALL PRODUCTS","OPERATIONS",1,NA
"1151",1998,"NEW JERSEY",34,"MOLLUSKS","MUSSELS","ALL PRODUCTS","DOLLARS",NA,NA
"1152",1998,"NEW JERSEY",34,"MOLLUSKS","OYSTERS","ALL PRODUCTS","OPERATIONS",2,NA
"1153",1998,"NEW JERSEY",34,"MOLLUSKS","OYSTERS","ALL PRODUCTS","DOLLARS",NA,NA
"1154",1998,"NEW YORK",36,"MOLLUSKS","MOLLUSKS","ALL PRODUCTS","OPERATIONS",2,NA
"1155",1998,"NEW YORK",36,"MOLLUSKS","MOLLUSKS","ALL PRODUCTS","DOLLARS",NA,NA
"1156",1998,"NEW YORK",36,"MOLLUSKS","OYSTERS","ALL PRODUCTS","OPERATIONS",1,NA
"1157",1998,"NEW YORK",36,"MOLLUSKS","OYSTERS","ALL PRODUCTS","DOLLARS",NA,NA
"1158",1998,"NORTH CAROLINA",37,"MOLLUSKS","MOLLUSKS","ALL PRODUCTS","OPERATIONS",11,NA
"1159",1998,"NORTH CAROLINA",37,"MOLLUSKS","MOLLUSKS","ALL PRODUCTS","DOLLARS",271798,NA
"1160",1998,"NORTH CAROLINA",37,"MOLLUSKS","CLAMS","ALL PRODUCTS","OPERATIONS",11,NA
"1161",1998,"NORTH CAROLINA",37,"MOLLUSKS","CLAMS","ALL PRODUCTS","DOLLARS",NA,NA
"1162",1998,"NORTH CAROLINA",37,"MOLLUSKS","OYSTERS","ALL PRODUCTS","OPERATIONS",6,NA
"1163",1998,"NORTH CAROLINA",37,"MOLLUSKS","OYSTERS","ALL PRODUCTS","DOLLARS",NA,NA
"1164",1998,"OHIO",39,"MOLLUSKS","MOLLUSKS","ALL PRODUCTS","OPERATIONS",2,NA
"1165",1998,"OHIO",39,"MOLLUSKS","MOLLUSKS","ALL PRODUCTS","DOLLARS",NA,NA
"1166",1998,"OREGON",41,"MOLLUSKS","MOLLUSKS","ALL PRODUCTS","OPERATIONS",9,NA
"1167",1998,"OREGON",41,"MOLLUSKS","MOLLUSKS","ALL PRODUCTS","DOLLARS",2679073,NA
"1168",1998,"OREGON",41,"MOLLUSKS","OYSTERS","ALL PRODUCTS","OPERATIONS",8,NA
"1169",1998,"OREGON",41,"MOLLUSKS","OYSTERS","ALL PRODUCTS","DOLLARS",1949224,NA
"1170",1998,"PENNSYLVANIA",42,"MOLLUSKS","MOLLUSKS","ALL PRODUCTS","OPERATIONS",1,NA
"1171",1998,"PENNSYLVANIA",42,"MOLLUSKS","MOLLUSKS","ALL PRODUCTS","DOLLARS",NA,NA
"1172",1998,"PENNSYLVANIA",42,"MOLLUSKS","MUSSELS","ALL PRODUCTS","OPERATIONS",1,NA
"1173",1998,"PENNSYLVANIA",42,"MOLLUSKS","MUSSELS","ALL PRODUCTS","DOLLARS",NA,NA
"1174",1998,"RHODE ISLAND",44,"MOLLUSKS","MOLLUSKS","ALL PRODUCTS","OPERATIONS",2,NA
"1175",1998,"RHODE ISLAND",44,"MOLLUSKS","MOLLUSKS","ALL PRODUCTS","DOLLARS",NA,NA
"1176",1998,"RHODE ISLAND",44,"MOLLUSKS","MUSSELS","ALL PRODUCTS","OPERATIONS",2,NA
"1177",1998,"RHODE ISLAND",44,"MOLLUSKS","MUSSELS","ALL PRODUCTS","DOLLARS",NA,NA
"1178",1998,"RHODE ISLAND",44,"MOLLUSKS","OYSTERS","ALL PRODUCTS","OPERATIONS",2,NA
"1179",1998,"RHODE ISLAND",44,"MOLLUSKS","OYSTERS","ALL PRODUCTS","DOLLARS",NA,NA
"1180",1998,"SOUTH CAROLINA",45,"MOLLUSKS","MOLLUSKS","ALL PRODUCTS","OPERATIONS",1,NA
"1181",1998,"SOUTH CAROLINA",45,"MOLLUSKS","MOLLUSKS","ALL PRODUCTS","DOLLARS",NA,NA
"1182",1998,"SOUTH CAROLINA",45,"MOLLUSKS","CLAMS","ALL PRODUCTS","OPERATIONS",1,NA
"1183",1998,"SOUTH CAROLINA",45,"MOLLUSKS","CLAMS","ALL PRODUCTS","DOLLARS",NA,NA
"1184",1998,"TEXAS",48,"MOLLUSKS","MOLLUSKS","ALL PRODUCTS","OPERATIONS",1,NA
"1185",1998,"TEXAS",48,"MOLLUSKS","MOLLUSKS","ALL PRODUCTS","DOLLARS",NA,NA
"1186",1998,"TEXAS",48,"MOLLUSKS","MUSSELS","ALL PRODUCTS","OPERATIONS",1,NA
"1187",1998,"TEXAS",48,"MOLLUSKS","MUSSELS","ALL PRODUCTS","DOLLARS",NA,NA
"1188",1998,"VIRGINIA",51,"MOLLUSKS","MOLLUSKS","ALL PRODUCTS","OPERATIONS",33,NA
"1189",1998,"VIRGINIA",51,"MOLLUSKS","MOLLUSKS","ALL PRODUCTS","DOLLARS",11271507,NA
"1190",1998,"VIRGINIA",51,"MOLLUSKS","CLAMS","ALL PRODUCTS","OPERATIONS",25,NA
"1191",1998,"VIRGINIA",51,"MOLLUSKS","CLAMS","ALL PRODUCTS","DOLLARS",11048568,NA
"1192",1998,"VIRGINIA",51,"MOLLUSKS","OYSTERS","ALL PRODUCTS","OPERATIONS",12,NA
"1193",1998,"VIRGINIA",51,"MOLLUSKS","OYSTERS","ALL PRODUCTS","DOLLARS",132290,NA
"1194",1998,"WASHINGTON",53,"MOLLUSKS","MOLLUSKS","ALL PRODUCTS","OPERATIONS",64,NA
"1195",1998,"WASHINGTON",53,"MOLLUSKS","MOLLUSKS","ALL PRODUCTS","DOLLARS",28429085,NA
"1196",1998,"WASHINGTON",53,"MOLLUSKS","CLAMS","ALL PRODUCTS","OPERATIONS",40,NA
"1197",1998,"WASHINGTON",53,"MOLLUSKS","CLAMS","ALL PRODUCTS","DOLLARS",12147700,NA
"1198",1998,"WASHINGTON",53,"MOLLUSKS","MUSSELS","ALL PRODUCTS","OPERATIONS",7,NA
"1199",1998,"WASHINGTON",53,"MOLLUSKS","MUSSELS","ALL PRODUCTS","DOLLARS",NA,NA
"1200",1998,"WASHINGTON",53,"MOLLUSKS","OYSTERS","ALL PRODUCTS","OPERATIONS",44,NA
"1201",1998,"WASHINGTON",53,"MOLLUSKS","OYSTERS","ALL PRODUCTS","DOLLARS",14065558,NA
